pair,side,entry_time_et,exit_time_et,hold_min,entry_z,exit_z,beta,qty_a,qty_b,entry_a,entry_b,exit_a,exit_b,pnl,exit_reason
V-MA,SHORT_SPREAD,2025-12-10 13:48:00-05:00,2025-12-10 13:50:00-05:00,2.0,3.3301646104861753,3.616303329946196,0.6022396645274106,-10,10,326.5299987792969,539.4299926757812,326.260009765625,538.75,-4.10003662109375,STOP
V-MA,SHORT_SPREAD,2025-12-10 13:51:00-05:00,2025-12-10 13:52:00-05:00,1.0,2.344736513316504,3.120615006377504,0.5556393525612282,-9,10,326.3550109863281,538.5700073242188,326.29998779296875,538.5250244140625,0.045379638671875,STOP
V-MA,SHORT_SPREAD,2025-12-10 13:53:00-05:00,2025-12-10 14:01:00-05:00,8.0,2.4680229008419174,-0.125274912870149,0.5217010882811283,-9,10,326.20001220703125,538.3800048828125,326.5799865722656,540.27001953125,15.480377197265625,TP
V-MA,LONG_SPREAD,2025-12-10 14:04:00-05:00,2025-12-10 14:07:00-05:00,3.0,-2.440142640859794,-0.3361458747468213,0.49284942032033024,9,-11,327.0501403808594,541.2750244140625,327.0799865722656,540.4500122070312,9.34375,TP
V-MA,LONG_SPREAD,2025-12-10 14:24:00-05:00,2025-12-10 14:36:00-05:00,12.0,-2.228659659318072,0.14864259918630476,0.4328628727757011,8,-11,326.44000244140625,540.0850219726562,327.010009765625,541.25,-8.25469970703125,TP
V-MA,SHORT_SPREAD,2025-12-10 14:53:00-05:00,2025-12-10 14:56:00-05:00,3.0,2.847993597436065,3.340800764223957,0.34130772538653903,-6,12,327.4200134277344,540.8699951171875,327.4809875488281,540.7000122070312,-2.4056396484375,STOP
V-MA,SHORT_SPREAD,2025-12-10 14:57:00-05:00,2025-12-10 14:58:00-05:00,1.0,2.8338910711793166,3.2321943557896766,0.3478084434855775,-7,12,327.6199951171875,540.760009765625,327.79998779296875,541.1099853515625,2.93975830078125,STOP
V-MA,SHORT_SPREAD,2025-12-10 14:59:00-05:00,2025-12-10 15:00:00-05:00,1.0,3.236052862204622,3.1261993815304012,0.36257921441568486,-7,12,327.7900085449219,541.010009765625,327.489990234375,540.4000854492188,-5.218963623046875,STOP
V-MA,SHORT_SPREAD,2025-12-10 15:01:00-05:00,2025-12-10 15:31:00-05:00,30.0,2.6467381415915865,,0.370545630261396,-7,12,327.3399963378906,540.47998046875,326.42498779296875,539.9299926757812,-0.194793701171875,TIME
V-MA,SHORT_SPREAD,2025-12-11 10:33:00-05:00,2025-12-11 11:03:00-05:00,30.0,2.0100362766833597,,0.779584285188598,-11,9,337.52099609375,553.1500244140625,339.1400146484375,554.1849975585938,-8.49444580078125,TIME
V-MA,LONG_SPREAD,2025-12-11 12:07:00-05:00,2025-12-11 12:11:00-05:00,4.0,-2.190211267617015,-0.2615311372009394,0.7436679682746311,11,-9,341.4599914550781,558.6212768554688,341.6700134277344,558.260009765625,5.5616455078125,TP
V-MA,LONG_SPREAD,2025-12-11 12:26:00-05:00,2025-12-11 12:38:00-05:00,12.0,-2.2179944683410477,-0.06426790603194582,0.6698534467197753,10,-9,341.94000244140625,559.5,341.8900146484375,558.4949951171875,8.545166015625,TP
V-MA,SHORT_SPREAD,2025-12-11 13:44:00-05:00,2025-12-11 14:06:00-05:00,22.0,2.4655167886839893,3.3309082514756763,0.3143220577834896,-6,12,342.802001953125,559.9000244140625,343.81500244140625,561.4099731445312,12.0413818359375,STOP
V-MA,SHORT_SPREAD,2025-12-11 14:07:00-05:00,2025-12-11 14:29:00-05:00,22.0,2.7845744914154684,0.30815521756556885,0.4422507335871731,-8,11,343.8999938964844,561.52001953125,345.125,562.6400146484375,2.5198974609375,TP
V-MA,LONG_SPREAD,2025-12-11 15:48:00-05:00,2025-12-11 15:51:00-05:00,3.0,-2.5673835240169938,0.2140613904467571,0.7352456429156827,11,-9,345.9100036621094,564.2899780273438,346.5050048828125,564.4349975585938,5.239837646484375,TP
V-MA,SHORT_SPREAD,2025-12-11 15:56:00-05:00,2025-12-12 09:30:00-05:00,5.0,2.97700647552436,,0.5579659062144894,-9,10,347.0400085449219,564.3499755859375,347.7149963378906,566.9550170898438,19.97552490234375,OVERNIGHT_FLAT
V-MA,LONG_SPREAD,2025-12-12 09:37:00-05:00,2025-12-12 09:39:00-05:00,2.0,-3.085406297707481,-3.1611747131218575,0.5237317812413202,8,-10,347.0450134277344,567.0750122070312,347.4800109863281,568.3300170898438,-9.070068359375,STOP
V-MA,LONG_SPREAD,2025-12-12 09:40:00-05:00,2025-12-12 09:43:00-05:00,3.0,-2.640002542719669,-0.20414380801217888,0.4689273555050915,8,-10,347.6300048828125,568.4000244140625,348.27020263671875,568.77001953125,1.421630859375,TP
V-MA,LONG_SPREAD,2025-12-12 09:47:00-05:00,2025-12-12 09:50:00-05:00,3.0,-2.174375230403202,-0.2786333501716117,0.44033089710664647,7,-10,349.1549987792969,572.0650024414062,349.4599914550781,571.489990234375,7.88507080078125,TP
V-MA,SHORT_SPREAD,2025-12-12 09:53:00-05:00,2025-12-12 10:03:00-05:00,10.0,3.0931669067182996,-0.29573655797992526,0.4392290468095892,-7,10,349.6099853515625,569.7650146484375,349.0545959472656,570.0700073242188,6.937652587890625,TP
V-MA,LONG_SPREAD,2025-12-12 10:12:00-05:00,2025-12-12 10:21:00-05:00,9.0,-2.1519711551748095,-0.2977765284782014,0.43573586544046156,7,-10,348.17999267578125,570.6170043945312,348.7250061035156,571.0499877929688,-0.514739990234375,TP
V-MA,LONG_SPREAD,2025-12-12 10:32:00-05:00,2025-12-12 11:02:00-05:00,30.0,-2.103408192754583,,0.3760339117708667,7,-11,347.69000244140625,570.2050170898438,347.19500732421875,572.6799926757812,-30.689697265625,TIME
V-MA,SHORT_SPREAD,2025-12-12 13:10:00-05:00,2025-12-12 13:21:00-05:00,11.0,2.086979006677609,-0.4494379485227592,0.4303160781334877,-7,10,348.17999267578125,572.6651000976562,347.5950012207031,572.3350219726562,0.794158935546875,TP
V-MA,LONG_SPREAD,2025-12-12 15:53:00-05:00,2025-12-12 15:57:00-05:00,4.0,-2.3511900774012138,-0.04566118547564151,0.49631488367491927,8,-10,347.864990234375,572.5800170898438,348.0199890136719,571.5700073242188,11.340087890625,TP
V-MA,LONG_SPREAD,2025-12-15 09:31:00-05:00,2025-12-15 09:32:00-05:00,1.0,-4.052325430252299,-4.676618691305825,0.466483245722863,8,-10,347.1600036621094,572.6500244140625,346.239990234375,570.489990234375,14.240234375,STOP
V-MA,LONG_SPREAD,2025-12-15 09:33:00-05:00,2025-12-15 09:34:00-05:00,1.0,-4.051483999586721,-4.384782110578848,0.4524739710924284,8,-10,346.3349914550781,571.2999877929688,345.4100036621094,570.239990234375,3.2000732421875,STOP
V-MA,LONG_SPREAD,2025-12-15 09:36:00-05:00,2025-12-15 09:37:00-05:00,1.0,-3.7158795933363633,-3.6081145999445887,0.516719977540833,8,-10,344.9100036621094,569.1799926757812,345.010009765625,569.4500122070312,-1.900146484375,STOP
V-MA,LONG_SPREAD,2025-12-15 09:38:00-05:00,2025-12-15 09:39:00-05:00,1.0,-3.3192834433037586,-3.436301608749084,0.5927017164310965,9,-9,344.8399963378906,569.5900268554688,345.0899963378906,569.7899780273438,0.450439453125,STOP
V-MA,LONG_SPREAD,2025-12-15 09:40:00-05:00,2025-12-15 10:10:00-05:00,30.0,-2.9389171871781388,,0.650425839785889,10,-9,345.4150085449219,571.1300048828125,345.8299865722656,571.2000122070312,3.51971435546875,TIME
V-MA,SHORT_SPREAD,2025-12-15 11:10:00-05:00,2025-12-15 11:17:00-05:00,7.0,2.095536640524478,0.32169259319981747,1.0365716018916822,-13,7,346.2799987792969,570.3800048828125,346.2950134277344,570.5399780273438,0.92462158203125,TP
V-MA,LONG_SPREAD,2025-12-15 12:29:00-05:00,2025-12-15 12:39:00-05:00,10.0,-2.4147072150107958,-0.32849563675814053,0.6657818221186347,10,-9,345.2655029296875,568.9124755859375,345.3800048828125,569.0050048828125,0.312255859375,TP
V-MA,LONG_SPREAD,2025-12-15 13:01:00-05:00,2025-12-15 13:03:00-05:00,2.0,-2.9297845503573563,-3.1675932735065278,0.8847174377531868,12,-8,345.1499938964844,569.0599975585938,345.3699951171875,569.5250244140625,-1.0802001953125,STOP
V-MA,LONG_SPREAD,2025-12-15 13:04:00-05:00,2025-12-15 13:05:00-05:00,1.0,-3.5965945471813856,-3.162115514802373,0.8882431680968307,12,-8,345.30499267578125,569.4199829101562,345.32000732421875,569.5599975585938,-0.93994140625,STOP
V-MA,LONG_SPREAD,2025-12-15 13:06:00-05:00,2025-12-15 13:07:00-05:00,1.0,-3.551253410988975,-3.515478537438795,0.8769947114221668,12,-8,345.260009765625,569.5449829101562,345.2300109863281,569.25,1.9998779296875,STOP
V-MA,LONG_SPREAD,2025-12-15 13:08:00-05:00,2025-12-15 13:14:00-05:00,6.0,-2.131637144215096,-0.08926916901107215,0.8693651963895691,12,-8,345.3450012207031,569.3400268554688,345.364990234375,568.6500244140625,5.7598876953125,TP
V-MA,LONG_SPREAD,2025-12-15 13:36:00-05:00,2025-12-15 13:43:00-05:00,7.0,-2.1090139941969497,-0.017723403662027886,0.699622232742558,10,-9,344.760009765625,568.4301147460938,344.6600036621094,567.989990234375,2.9610595703125,TP
V-MA,SHORT_SPREAD,2025-12-15 14:05:00-05:00,2025-12-15 14:07:00-05:00,2.0,2.3608338988676953,-0.37252313840439727,0.5561262659802405,-9,10,344.6650085449219,567.5549926757812,344.20001220703125,567.4600219726562,3.235260009765625,TP
V-MA,SHORT_SPREAD,2025-12-15 14:18:00-05:00,2025-12-15 14:20:00-05:00,2.0,2.1764991280631842,3.8876629524675335,0.5098824094754785,-8,10,344.67999267578125,567.3800048828125,344.94000244140625,567.6500244140625,0.6201171875,STOP
V-MA,SHORT_SPREAD,2025-12-15 14:21:00-05:00,2025-12-15 14:22:00-05:00,1.0,2.494736942880092,3.3731189333492773,0.48202219303286636,-8,10,345.18499755859375,567.760009765625,345.2300109863281,567.8300170898438,0.3399658203125,STOP
V-MA,SHORT_SPREAD,2025-12-15 14:23:00-05:00,2025-12-15 14:24:00-05:00,1.0,3.199791972765093,3.292342416482246,0.471023869371472,-8,10,345.375,567.9998779296875,345.2799987792969,567.8699951171875,-0.538818359375,STOP
V-MA,SHORT_SPREAD,2025-12-15 14:25:00-05:00,2025-12-15 14:44:00-05:00,19.0,2.9430422436523562,0.17853637312613702,0.4587231457960561,-8,10,345.20001220703125,567.9400024414062,346.0400085449219,569.4500122070312,8.380126953125,TP
V-MA,SHORT_SPREAD,2025-12-15 15:42:00-05:00,2025-12-16 09:30:00-05:00,19.0,2.1089339890636722,,0.4492893434507008,-8,10,346.29998779296875,569.1500244140625,345.95001220703125,566.9000244140625,-19.7001953125,OVERNIGHT_FLAT
V-MA,LONG_SPREAD,2025-12-16 11:12:00-05:00,2025-12-16 11:17:00-05:00,5.0,-2.0012494606949804,-0.10433787836208212,0.5378438793473926,9,-10,345.69000244140625,566.4199829101562,346.0,566.1312255859375,5.67755126953125,TP
V-MA,SHORT_SPREAD,2025-12-16 11:35:00-05:00,2025-12-16 11:39:00-05:00,4.0,2.0138953213068245,0.4858830173071102,0.41679283777848913,-7,11,346.3999938964844,567.0650024414062,346.45001220703125,567.1599731445312,0.694549560546875,TP
V-MA,SHORT_SPREAD,2025-12-16 11:51:00-05:00,2025-12-16 11:57:00-05:00,6.0,2.159653394518664,0.03806080197057058,0.4843349841611695,-8,10,346.18499755859375,566.2550048828125,345.82501220703125,566.0399780273438,0.7296142578125,TP
V-MA,LONG_SPREAD,2025-12-16 14:28:00-05:00,2025-12-16 14:58:00-05:00,30.0,-2.346503893878733,,0.5299027746894184,9,-10,343.9949951171875,564.3656005859375,344.0199890136719,564.969970703125,-5.818756103515625,TIME
V-MA,LONG_SPREAD,2025-12-16 14:59:00-05:00,2025-12-16 15:03:00-05:00,4.0,-2.120591863428658,-0.3811617883855383,0.661616780652328,10,-9,344.0899963378906,565.125,344.7099914550781,565.7849731445312,0.26019287109375,TP
V-MA,SHORT_SPREAD,2025-12-16 15:36:00-05:00,2025-12-16 15:39:00-05:00,3.0,2.0179176372012053,3.028842475485485,0.38895027821894845,-7,11,345.4700012207031,566.5175170898438,345.260009765625,565.682373046875,-7.716644287109375,STOP
V-AXP,LONG_SPREAD,2025-12-10 15:20:00-05:00,2025-12-10 15:50:00-05:00,30.0,-2.5354919234526316,,0.21111668987066573,4,-19,326.864990234375,377.3800048828125,326.17498779296875,376.03009033203125,22.88836669921875,TIME
V-AXP,SHORT_SPREAD,2025-12-11 09:50:00-05:00,2025-12-11 10:12:00-05:00,22.0,2.3488116129155308,0.4557585108814252,1.6455015387015048,-16,8,335.2900085449219,379.79998779296875,335.20001220703125,380.8500061035156,9.840087890625,TP
V-AXP,SHORT_SPREAD,2025-12-11 11:13:00-05:00,2025-12-11 11:18:00-05:00,5.0,2.162328836067863,0.4749008046786677,1.1563172973297144,-14,10,339.5899963378906,382.1099853515625,339.8299865722656,382.5950927734375,1.4912109375,TP
V-AXP,SHORT_SPREAD,2025-12-11 11:33:00-05:00,2025-12-11 12:03:00-05:00,30.0,2.8253874131509473,,1.5318657905177935,-16,9,340.32000732421875,381.8599853515625,341.67999267578125,382.7099914550781,-14.109710693359375,TIME
V-AXP,LONG_SPREAD,2025-12-11 15:19:00-05:00,2025-12-11 15:35:00-05:00,16.0,-2.479265202579776,0.01776958558196174,1.0274360515891863,13,-11,345.7799987792969,385.5299987792969,345.9700012207031,385.3900146484375,4.009857177734375,TP
V-AXP,SHORT_SPREAD,2025-12-11 15:54:00-05:00,2025-12-11 15:55:00-05:00,1.0,2.2564678899602097,4.122006362539632,0.40249368776977246,-7,16,346.9700012207031,385.510009765625,347.0299987792969,385.1400146484375,-6.33990478515625,STOP
V-AXP,SHORT_SPREAD,2025-12-11 15:56:00-05:00,2025-12-12 09:30:00-05:00,5.0,4.507929288416693,,0.4139965413956067,-7,16,347.0400085449219,385.010009765625,347.7149963378906,386.1199951171875,13.03485107421875,OVERNIGHT_FLAT
V-AXP,SHORT_SPREAD,2025-12-12 14:50:00-05:00,2025-12-12 14:51:00-05:00,1.0,2.706760940152095,3.458901003724734,0.4022902783374677,-7,16,348.0899963378906,380.2799987792969,348.2699890136719,380.44500732421875,1.38018798828125,STOP
V-AXP,SHORT_SPREAD,2025-12-12 15:14:00-05:00,2025-12-12 15:19:00-05:00,5.0,2.3712462647985677,-0.10797599349132822,0.42467637040432515,-7,16,348.6199951171875,381.42010498046875,348.1199951171875,381.3800048828125,2.8583984375,TP
V-AXP,LONG_SPREAD,2025-12-12 15:27:00-05:00,2025-12-12 15:57:00-05:00,30.0,-2.34269881543416,,0.46571970953707276,8,-16,347.4150085449219,380.8500061035156,348.0199890136719,382.010009765625,-13.72021484375,TIME
V-AXP,LONG_SPREAD,2025-12-15 13:16:00-05:00,2025-12-15 13:23:00-05:00,7.0,-2.183391321386164,-3.6970332419727243,0.5500688200517664,9,-15,345.1050109863281,381.3699951171875,344.4700012207031,380.9200134277344,1.034637451171875,STOP
MA-AXP,SHORT_SPREAD,2025-12-11 09:50:00-05:00,2025-12-11 10:12:00-05:00,22.0,2.4632193532866045,0.1760982188292206,2.280882110988226,-11,7,552.3300170898438,379.79998779296875,551.3699951171875,380.8500061035156,17.910369873046875,TP
MA-AXP,SHORT_SPREAD,2025-12-11 11:33:00-05:00,2025-12-11 12:03:00-05:00,30.0,2.613703333602626,,1.4352972158887092,-9,9,556.4949951171875,381.8599853515625,557.969970703125,382.7099914550781,-5.624725341796875,TIME
MA-AXP,LONG_SPREAD,2025-12-11 15:29:00-05:00,2025-12-11 15:33:00-05:00,4.0,-2.7523804076666463,0.11830667870344858,0.7025770010961387,6,-13,562.4299926757812,385.30499267578125,563.2050170898438,385.5400085449219,1.594940185546875,TP
MA-AXP,SHORT_SPREAD,2025-12-11 15:48:00-05:00,2025-12-11 15:55:00-05:00,7.0,2.255184764891991,3.60771606432742,0.6129170917455145,-6,14,564.2899780273438,385.2149963378906,564.4199829101562,385.1400146484375,-1.82977294921875,STOP
MA-AXP,SHORT_SPREAD,2025-12-11 15:56:00-05:00,2025-12-12 09:30:00-05:00,5.0,2.6555317968445116,,0.6461165015378965,-6,14,564.3499755859375,385.010009765625,566.9550170898438,386.1199951171875,-0.0904541015625,OVERNIGHT_FLAT
MA-AXP,LONG_SPREAD,2025-12-15 13:15:00-05:00,2025-12-15 13:17:00-05:00,2.0,-2.6832957530731014,-3.8462648328025035,0.5655222327641994,5,-15,568.635009765625,381.2799987792969,568.3300170898438,381.2250061035156,-0.7000732421875,STOP
MA-AXP,LONG_SPREAD,2025-12-15 13:18:00-05:00,2025-12-15 13:48:00-05:00,30.0,-3.2613678372371724,,0.5296848991638402,5,-15,568.1599731445312,381.1549987792969,567.7100219726562,381.6300048828125,-9.374847412109375,TIME
MA-AXP,SHORT_SPREAD,2025-12-16 14:04:00-05:00,2025-12-16 14:08:00-05:00,4.0,2.1693464263035587,0.3313288395691046,1.1885387038911917,-8,10,565.0908203125,379.05218505859375,565.02001953125,379.4396057128906,4.44061279296875,TP
MA-AXP,LONG_SPREAD,2025-12-16 14:26:00-05:00,2025-12-16 14:35:00-05:00,9.0,-2.2628396347470967,-0.09881855858527486,0.9088941533539197,7,-12,564.3300170898438,379.9884948730469,565.3300170898438,380.32000732421875,3.0218505859375,TP
MA-AXP,SHORT_SPREAD,2025-12-16 15:22:00-05:00,2025-12-16 15:37:00-05:00,15.0,2.143000100266194,0.4612398887934307,0.7986220914956471,-7,13,566.5700073242188,380.25,566.0399780273438,380.70001220703125,9.56036376953125,TP
GLD-IAU,SHORT_SPREAD,2025-12-10 11:00:00-05:00,2025-12-10 11:01:00-05:00,1.0,2.7598992885005766,-0.024142491741684324,4.726097199197392,-19,19,385.7699890136719,79.00559997558594,385.70001220703125,78.98999786376953,1.0331192016601562,TP
GLD-IAU,SHORT_SPREAD,2025-12-10 11:35:00-05:00,2025-12-10 11:36:00-05:00,1.0,2.3563450222091133,0.20152132249082272,4.705198282609733,-19,19,386.17498779296875,79.08999633789062,386.2250061035156,79.0999984741211,-0.7603073120117188,TP
GLD-IAU,SHORT_SPREAD,2025-12-10 11:53:00-05:00,2025-12-10 11:56:00-05:00,3.0,2.230743389974366,-0.3186488956920201,4.847565480450483,-19,19,386.6700134277344,79.19560241699219,386.55999755859375,79.16500091552734,1.5088729858398438,TP
GLD-IAU,SHORT_SPREAD,2025-12-10 12:07:00-05:00,2025-12-10 12:15:00-05:00,8.0,4.078919503727703,0.16794308400308777,4.836739069614938,-19,19,386.4700012207031,79.1449966430664,386.2799987792969,79.11139678955078,2.971649169921875,TP
GLD-IAU,SHORT_SPREAD,2025-12-10 12:20:00-05:00,2025-12-10 12:21:00-05:00,1.0,2.3890518734943953,0.23254326213279214,4.846315819790229,-19,19,386.4100036621094,79.1343994140625,386.3949890136719,79.13580322265625,0.31195068359375,TP
GLD-IAU,LONG_SPREAD,2025-12-10 13:16:00-05:00,2025-12-10 13:17:00-05:00,1.0,-2.189686301542078,-0.19133740440374883,4.809919772512848,19,-19,386.1650085449219,79.08499908447266,386.17999267578125,79.08480072021484,0.2884674072265625,TP
GLD-IAU,LONG_SPREAD,2025-12-10 13:38:00-05:00,2025-12-10 13:40:00-05:00,2.0,-3.4579363601405118,-3.237079493849582,4.976489893667554,19,-19,385.7101135253906,79.0,385.6341857910156,78.9800033569336,-1.0626907348632812,STOP
GLD-IAU,LONG_SPREAD,2025-12-10 14:00:00-05:00,2025-12-10 14:08:00-05:00,8.0,-2.114676293087452,-0.2292504320741279,4.952475785170899,19,-19,387.25,79.30999755859375,387.6293029785156,79.38500213623047,5.781669616699219,TP
GLD-IAU,SHORT_SPREAD,2025-12-10 14:13:00-05:00,2025-12-10 14:15:00-05:00,2.0,2.2675395826802704,4.378244037327546,4.863857622814094,-19,19,387.2799987792969,79.30500030517578,387.55999755859375,79.37999725341797,-3.8950347900390625,STOP
GLD-IAU,LONG_SPREAD,2025-12-10 14:26:00-05:00,2025-12-10 14:28:00-05:00,2.0,-2.039847381926885,-0.017728314283683936,4.87625846769438,19,-19,386.8898010253906,79.2385025024414,385.989501953125,79.04499816894531,-13.429100036621094,TP
GLD-IAU,LONG_SPREAD,2025-12-10 14:42:00-05:00,2025-12-10 14:43:00-05:00,1.0,-2.1435057993910775,0.42917733653090534,4.890108432657553,19,-19,385.32000732421875,78.91000366210938,384.9750061035156,78.83000183105469,-5.0349884033203125,TP
GLD-IAU,SHORT_SPREAD,2025-12-10 14:45:00-05:00,2025-12-10 14:47:00-05:00,2.0,3.19798026364786,0.4916138467622909,4.86178394377332,-19,19,385.5799865722656,78.95999908447266,385.1199951171875,78.87999725341797,7.2198028564453125,TP
GLD-IAU,SHORT_SPREAD,2025-12-10 15:03:00-05:00,2025-12-10 15:05:00-05:00,2.0,2.7259344905350233,0.016851278058715478,4.878676972940248,-19,19,387.5260009765625,79.37999725341797,388.3599853515625,79.55000305175781,-12.615592956542969,TP
GLD-IAU,SHORT_SPREAD,2025-12-10 15:11:00-05:00,2025-12-10 15:14:00-05:00,3.0,2.8812555894847938,-0.11994810630956318,4.854932819004649,-19,19,388.9700012207031,79.67500305175781,389.4800109863281,79.7699966430664,-7.885307312011719,TP
GLD-IAU,LONG_SPREAD,2025-12-11 10:07:00-05:00,2025-12-11 10:15:00-05:00,8.0,-2.6672273290383965,-0.09764050912010787,4.8414580990324,19,-19,389.4800109863281,79.77880096435547,389.55999755859375,79.79000091552734,1.30694580078125,TP
GLD-IAU,SHORT_SPREAD,2025-12-11 11:29:00-05:00,2025-12-11 11:33:00-05:00,4.0,2.1743688859710555,0.29602639657057345,4.949852296607357,-19,18,391.44000244140625,80.16339874267578,391.4584045410156,80.16999816894531,-0.2308502197265625,TP
GLD-IAU,LONG_SPREAD,2025-12-11 11:46:00-05:00,2025-12-11 11:48:00-05:00,2.0,-2.0764720419808436,-0.35064332004952753,4.956753652228811,19,-18,392.0,80.27850341796875,392.92999267578125,80.4800033569336,14.042861938476562,TP
GLD-IAU,SHORT_SPREAD,2025-12-11 11:55:00-05:00,2025-12-11 11:56:00-05:00,1.0,3.8680296449959433,0.4172364496414431,4.961136596904426,-19,18,392.9200134277344,80.46499633789062,392.8599853515625,80.44999694824219,0.87054443359375,TP
GLD-IAU,LONG_SPREAD,2025-12-11 12:02:00-05:00,2025-12-11 12:13:00-05:00,11.0,-2.1052517242573376,-0.08540695145426969,4.942177906963323,19,-18,392.9599914550781,80.48999786376953,393.2850036621094,80.55000305175781,5.0951385498046875,TP
GLD-IAU,SHORT_SPREAD,2025-12-11 13:17:00-05:00,2025-12-11 13:18:00-05:00,1.0,2.1757215510126597,-0.23033054606593534,4.945606395798778,-19,18,394.0061950683594,80.69000244140625,394.04998779296875,80.69999694824219,-0.65216064453125,TP
GLD-IAU,LONG_SPREAD,2025-12-11 13:42:00-05:00,2025-12-11 13:48:00-05:00,6.0,-2.4204472854801597,-0.4575823899336533,4.857074249604504,18,-19,393.5669860839844,80.60769653320312,393.42999267578125,80.57029724121094,-1.7552947998046875,TP
GLD-IAU,SHORT_SPREAD,2025-12-11 14:05:00-05:00,2025-12-11 14:07:00-05:00,2.0,2.6781580841709554,0.3049224835588552,4.872092706202551,-19,19,392.6499938964844,80.4000015258789,392.5400085449219,80.37999725341797,1.7096405029296875,TP
GLD-IAU,SHORT_SPREAD,2025-12-11 14:13:00-05:00,2025-12-11 14:14:00-05:00,1.0,3.993154540707234,-0.39375972435718126,4.785828980997862,-18,19,392.6400146484375,80.41000366210938,392.77899169921875,80.43499755859375,-2.026702880859375,TP
GLD-IAU,LONG_SPREAD,2025-12-11 14:44:00-05:00,2025-12-11 14:45:00-05:00,1.0,-2.0810004728542,-0.4051804688350044,4.760000161999957,18,-19,393.0199890136719,80.48999786376953,393.0801086425781,80.48999786376953,1.0821533203125,TP
GLD-IAU,LONG_SPREAD,2025-12-12 09:34:00-05:00,2025-12-12 09:41:00-05:00,7.0,-2.6592453518746,0.17827913290731653,4.887916168048047,18,-18,398.6199951171875,81.63999938964844,399.0450134277344,81.7300033569336,6.0302581787109375,TP
GLD-IAU,SHORT_SPREAD,2025-12-12 09:47:00-05:00,2025-12-12 09:48:00-05:00,1.0,3.4081973587559027,0.20096342261673886,4.880399055109958,-18,18,399.2550048828125,81.76000213623047,399.4200134277344,81.80000305175781,-2.2501373291015625,TP
GLD-IAU,LONG_SPREAD,2025-12-12 10:03:00-05:00,2025-12-12 10:08:00-05:00,5.0,-2.5254427921496645,-0.35846696035817993,4.880937421331695,18,-18,399.64569091796875,81.84500122070312,399.7200012207031,81.86000061035156,1.067596435546875,TP
GLD-IAU,LONG_SPREAD,2025-12-12 10:17:00-05:00,2025-12-12 10:18:00-05:00,1.0,-2.415181193771659,-0.0984432054961652,4.876759352707513,18,-18,398.7099914550781,81.6500015258789,398.2699890136719,81.56999969482422,-6.480010986328125,TP
GLD-IAU,SHORT_SPREAD,2025-12-12 10:35:00-05:00,2025-12-12 10:40:00-05:00,5.0,3.175885278325945,0.20423967882772529,4.873644887361165,-18,18,395.9800109863281,81.08000183105469,396.5799865722656,81.20999908447266,-8.459609985351562,TP
GLD-IAU,SHORT_SPREAD,2025-12-12 10:42:00-05:00,2025-12-12 10:46:00-05:00,4.0,2.137548651722492,-0.21183765777521016,4.874646698825715,-18,18,396.7099914550781,81.2300033569336,397.135009765625,81.32499694824219,-5.9404449462890625,TP
GLD-IAU,LONG_SPREAD,2025-12-12 11:02:00-05:00,2025-12-12 11:06:00-05:00,4.0,-3.6313289807916225,-0.33186406506646465,4.884416963747257,18,-18,393.93011474609375,80.68000030517578,393.95001220703125,80.68000030517578,0.358154296875,TP
GLD-IAU,SHORT_SPREAD,2025-12-12 11:10:00-05:00,2025-12-12 11:12:00-05:00,2.0,2.4035556786661423,-0.08354826308459795,4.884812645630446,-18,18,393.32000732421875,80.54000091552734,394.17010498046875,80.7300033569336,-11.8817138671875,TP
GLD-IAU,LONG_SPREAD,2025-12-12 11:20:00-05:00,2025-12-12 11:21:00-05:00,1.0,-2.5887715550338424,-0.27532905282198683,4.891567124334969,18,-18,393.80999755859375,80.6500015258789,392.9800109863281,80.4800033569336,-11.879791259765625,TP
GLD-IAU,LONG_SPREAD,2025-12-12 11:31:00-05:00,2025-12-12 11:32:00-05:00,1.0,-2.139345710780776,-0.18624949531655002,4.892486248680613,18,-18,394.05499267578125,80.69999694824219,394.12030029296875,80.71499633789062,0.905548095703125,TP
GLD-IAU,LONG_SPREAD,2025-12-12 11:47:00-05:00,2025-12-12 11:48:00-05:00,1.0,-3.9880937098654043,0.09929611297146401,4.918407276282056,19,-18,393.32000732421875,80.55000305175781,393.4049987792969,80.58999633789062,0.89495849609375,TP
GLD-IAU,LONG_SPREAD,2025-12-12 11:49:00-05:00,2025-12-12 11:50:00-05:00,1.0,-2.390119113391869,0.25761959590569966,4.927590422449709,19,-18,393.4200134277344,80.56950378417969,393.07501220703125,80.50499725341797,-5.3939056396484375,TP
GLD-IAU,SHORT_SPREAD,2025-12-12 12:21:00-05:00,2025-12-12 12:30:00-05:00,9.0,2.0932719327907305,0.48949618359954333,4.9122392653492435,-18,18,394.19000244140625,80.70999908447266,393.8999938964844,80.66000366210938,4.3202362060546875,TP
GLD-IAU,LONG_SPREAD,2025-12-12 13:01:00-05:00,2025-12-12 13:03:00-05:00,2.0,-2.404199385037933,-0.4927273748410551,4.995514067033084,18,-18,394.81500244140625,80.8550033569336,395.07000732421875,80.9000015258789,3.780120849609375,TP
GLD-IAU,LONG_SPREAD,2025-12-12 13:10:00-05:00,2025-12-12 13:14:00-05:00,4.0,-2.0537857859395117,0.1331475289349554,4.970430604151103,18,-18,395.2900085449219,80.95999908447266,395.531494140625,81.0,3.6267242431640625,TP
GLD-IAU,LONG_SPREAD,2025-12-12 13:22:00-05:00,2025-12-12 13:23:00-05:00,1.0,-3.2824095712158976,-0.24629527766648907,4.909024936684443,18,-18,395.2699890136719,80.94499969482422,395.1199951171875,80.91000366210938,-2.0699615478515625,TP
GLD-IAU,LONG_SPREAD,2025-12-12 13:27:00-05:00,2025-12-12 13:30:00-05:00,3.0,-2.4451219052219133,-0.48199351634170245,4.876006732539043,18,-18,395.19000244140625,80.91999816894531,395.1700134277344,80.91999816894531,-0.35980224609375,TP
GLD-IAU,SHORT_SPREAD,2025-12-12 13:47:00-05:00,2025-12-12 13:50:00-05:00,3.0,2.0030416810062612,-0.3620641577072289,4.806695049776346,-18,19,394.79998779296875,80.83999633789062,394.7250061035156,80.84970092773438,1.5340576171875,TP
GLD-IAU,LONG_SPREAD,2025-12-12 13:51:00-05:00,2025-12-12 13:52:00-05:00,1.0,-2.610889356564337,-0.49226242365600853,4.814734897727683,18,-19,394.8479919433594,80.85990142822266,394.9599914550781,80.87999725341797,1.6341705322265625,TP
GLD-IAU,LONG_SPREAD,2025-12-12 13:58:00-05:00,2025-12-12 14:01:00-05:00,3.0,-2.0540142631373026,0.18754855075207869,4.795112017314664,18,-19,395.0799865722656,80.9000015258789,394.760009765625,80.83999633789062,-4.619483947753906,TP
GLD-IAU,LONG_SPREAD,2025-12-12 14:16:00-05:00,2025-12-12 14:18:00-05:00,2.0,-2.1142833315288403,-0.46475038980724576,4.892667242019675,18,-18,395.07000732421875,80.9000015258789,395.1123046875,80.91999816894531,0.4014129638671875,TP
GLD-IAU,SHORT_SPREAD,2025-12-12 14:31:00-05:00,2025-12-12 14:34:00-05:00,3.0,2.589319498272595,-0.3118589805071098,4.888812645218083,-18,18,395.19000244140625,80.92500305175781,395.05999755859375,80.91000366210938,2.070098876953125,TP
GLD-IAU,LONG_SPREAD,2025-12-12 14:40:00-05:00,2025-12-12 14:41:00-05:00,1.0,-2.1673534521576703,0.4669489155110719,4.885573993533848,18,-18,395.1099853515625,80.91000366210938,395.1499938964844,80.91999816894531,0.540252685546875,TP
GLD-IAU,SHORT_SPREAD,2025-12-12 15:35:00-05:00,2025-12-12 15:46:00-05:00,11.0,2.406019074972991,-0.3753103859090965,5.076095638496398,-19,18,394.6600036621094,80.83000183105469,395.6000061035156,81.00499725341797,-14.710128784179688,TP
GLD-IAU,LONG_SPREAD,2025-12-12 15:54:00-05:00,2025-12-15 09:30:00-05:00,7.0,-2.3833932496254415,,5.037655001538605,18,-18,395.239990234375,80.94999694824219,397.7200012207031,81.44999694824219,35.64019775390625,OVERNIGHT_FLAT
GLD-IAU,SHORT_SPREAD,2025-12-15 10:08:00-05:00,2025-12-15 10:16:00-05:00,8.0,2.626044608900182,0.21026369561312855,4.887685851934512,-18,18,397.6700134277344,81.44999694824219,397.5799865722656,81.41999816894531,1.08050537109375,TP
GLD-IAU,SHORT_SPREAD,2025-12-15 10:56:00-05:00,2025-12-15 11:05:00-05:00,9.0,2.400385504627355,-0.29746988972951616,4.953164926525947,-18,18,397.6499938964844,81.44999694824219,395.8399963378906,81.06999969482422,25.740005493164062,TP
GLD-IAU,LONG_SPREAD,2025-12-15 11:21:00-05:00,2025-12-15 11:23:00-05:00,2.0,-2.1793022247625724,3.0618098159886715,4.955044052580147,18,-18,395.38250732421875,80.97000122070312,394.7550048828125,80.8499984741211,-9.134994506835938,STOP
GLD-IAU,SHORT_SPREAD,2025-12-15 11:51:00-05:00,2025-12-15 11:57:00-05:00,6.0,2.081941414923162,0.45255231787556394,4.93722037677348,-18,18,395.1300048828125,80.93000030517578,395.0199890136719,80.8949966430664,1.3502197265625,TP
GLD-IAU,LONG_SPREAD,2025-12-15 12:02:00-05:00,2025-12-15 12:03:00-05:00,1.0,-2.6140807997179496,-0.31212059848359114,4.940030095061062,18,-18,394.989990234375,80.9000015258789,395.1499938964844,80.93350219726562,2.2770538330078125,TP
GLD-IAU,LONG_SPREAD,2025-12-15 12:24:00-05:00,2025-12-15 12:27:00-05:00,3.0,-2.064620965646931,0.328048973650464,4.959415180635194,18,-18,395.1199951171875,80.93000030517578,395.5299987792969,81.01000213623047,5.940032958984375,TP
GLD-IAU,LONG_SPREAD,2025-12-15 12:35:00-05:00,2025-12-15 12:36:00-05:00,1.0,-2.3652477010705546,-0.48144854152662353,4.845227310916536,18,-19,395.6099853515625,81.02999877929688,395.489990234375,81.00499725341797,-1.6848831176757812,TP
GLD-IAU,LONG_SPREAD,2025-12-15 12:51:00-05:00,2025-12-15 12:52:00-05:00,1.0,-2.077410526610853,-0.3334256093154023,4.846499334171755,18,-18,395.614990234375,81.02999877929688,395.6199951171875,81.02999877929688,0.090087890625,TP
GLD-IAU,SHORT_SPREAD,2025-12-15 13:32:00-05:00,2025-12-15 13:34:00-05:00,2.0,2.072593976136955,-0.26852518583092644,4.839556190761361,-18,19,395.94500732421875,81.08999633789062,396.1400146484375,81.12999725341797,-2.7501144409179688,TP
GLD-IAU,SHORT_SPREAD,2025-12-15 14:13:00-05:00,2025-12-15 14:19:00-05:00,6.0,2.8317917146460383,0.06731464335227426,5.058905441849937,-18,18,396.6099853515625,81.2300033569336,396.7200012207031,81.25029754638672,-1.614990234375,TP
GLD-IAU,LONG_SPREAD,2025-12-15 14:33:00-05:00,2025-12-15 14:35:00-05:00,2.0,-3.112021191120363,0.4295910069753181,5.026331565327696,18,-18,396.4049987792969,81.19000244140625,396.4630126953125,81.19999694824219,0.864349365234375,TP
GLD-IAU,SHORT_SPREAD,2025-12-15 14:43:00-05:00,2025-12-15 14:46:00-05:00,3.0,2.0248213580731087,0.13321955547218609,5.011104645577069,-18,18,396.5199890136719,81.19999694824219,396.49749755859375,81.19999694824219,0.40484619140625,TP
GLD-IAU,SHORT_SPREAD,2025-12-15 15:22:00-05:00,2025-12-15 15:23:00-05:00,1.0,2.162262034397651,0.4865723254900183,4.951330161893164,-18,18,395.7550048828125,81.05000305175781,395.489990234375,80.98999786376953,3.6901702880859375,TP
GLD-IAU,LONG_SPREAD,2025-12-15 15:47:00-05:00,2025-12-15 15:48:00-05:00,1.0,-2.0481635657636668,-0.43254704773043917,4.973449306582141,18,-18,395.8193054199219,81.06999969482422,396.0400085449219,81.11990356445312,3.0743865966796875,TP
GLD-IAU,LONG_SPREAD,2025-12-15 15:54:00-05:00,2025-12-15 15:55:00-05:00,1.0,-2.628673709892619,-0.20699396887805652,4.99824928494034,18,-18,395.9700012207031,81.0999984741211,395.989990234375,81.11000061035156,0.1797637939453125,TP
GLD-IAU,LONG_SPREAD,2025-12-16 09:31:00-05:00,2025-12-16 09:34:00-05:00,3.0,-2.889558589215977,-0.2207641103717365,4.938646096990577,18,-18,397.9599914550781,81.51000213623047,398.1099853515625,81.5199966430664,2.519989013671875,TP
GLD-IAU,SHORT_SPREAD,2025-12-16 09:43:00-05:00,2025-12-16 09:44:00-05:00,1.0,2.086978134369836,0.011493235066704988,4.95065427712388,-18,18,397.67999267578125,81.44450378417969,397.80499267578125,81.4749984741211,-1.7010955810546875,TP
GLD-IAU,LONG_SPREAD,2025-12-16 09:50:00-05:00,2025-12-16 09:51:00-05:00,1.0,-2.9980226478148313,0.3312722791583778,4.936121901727431,18,-18,398.2300109863281,81.55500030517578,397.9750061035156,81.4999008178711,-3.598297119140625,TP
GLD-IAU,SHORT_SPREAD,2025-12-16 09:59:00-05:00,2025-12-16 10:05:00-05:00,6.0,2.1217476292892807,0.20236162693720747,4.946331339954829,-18,18,397.6700134277344,81.43499755859375,398.2799987792969,81.55999755859375,-8.729736328125,TP
GLD-IAU,LONG_SPREAD,2025-12-16 10:36:00-05:00,2025-12-16 10:37:00-05:00,1.0,-2.9066448450105122,0.21536070573676844,4.984766128004725,18,-18,397.510009765625,81.41000366210938,397.3599853515625,81.37000274658203,-1.9804229736328125,TP
GLD-IAU,SHORT_SPREAD,2025-12-16 11:34:00-05:00,2025-12-16 11:36:00-05:00,2.0,2.1688057455733825,0.2194122930307458,4.990587480131713,-18,18,395.44500732421875,80.9801025390625,395.1199951171875,80.93000030517578,4.9483795166015625,TP
GLD-IAU,SHORT_SPREAD,2025-12-16 11:42:00-05:00,2025-12-16 11:44:00-05:00,2.0,2.2060006592753734,0.3750279700679589,4.938624725496883,-18,18,394.9100036621094,80.88999938964844,394.8999938964844,80.87000274658203,-0.1797637939453125,TP
GLD-IAU,LONG_SPREAD,2025-12-16 12:16:00-05:00,2025-12-16 12:21:00-05:00,5.0,-2.6038033704638717,-0.2886610411727958,4.896117722467311,18,-18,395.79998779296875,81.07520294189453,395.8500061035156,81.08000183105469,0.8139495849609375,TP
GLD-IAU,LONG_SPREAD,2025-12-16 12:41:00-05:00,2025-12-16 12:47:00-05:00,6.0,-2.1829690945405176,-0.021699839824227574,4.850575325686624,18,-18,395.69000244140625,81.05000305175781,395.89801025390625,81.08999633789062,3.024261474609375,TP
GLD-IAU,SHORT_SPREAD,2025-12-16 13:31:00-05:00,2025-12-16 13:33:00-05:00,2.0,2.9440233601487007,-0.3639756624139005,5.095217016260925,-18,18,395.97198486328125,81.10559844970703,396.04998779296875,81.11990356445312,-1.1465606689453125,TP
GLD-IAU,SHORT_SPREAD,2025-12-16 14:08:00-05:00,2025-12-16 14:12:00-05:00,4.0,3.808461596127882,-0.35213084702540987,5.019339168961341,-18,18,396.0400085449219,81.10549926757812,395.885009765625,81.07450103759766,2.2320098876953125,TP
GLD-IAU,SHORT_SPREAD,2025-12-16 14:14:00-05:00,2025-12-16 14:19:00-05:00,5.0,3.6553163486501763,0.34478371655432105,5.003228211583409,-18,18,396.0,81.0999984741211,396.1650085449219,81.13520050048828,-2.336517333984375,TP
GLD-IAU,SHORT_SPREAD,2025-12-16 14:29:00-05:00,2025-12-16 14:32:00-05:00,3.0,2.1523055737310215,-0.019524474116495414,5.002228889151082,-18,18,395.9100036621094,81.08000183105469,396.2850036621094,81.16000366210938,-5.309967041015625,TP
GLD-IAU,SHORT_SPREAD,2025-12-16 14:37:00-05:00,2025-12-16 14:44:00-05:00,7.0,2.60764922810227,-0.05104122701420645,4.998211461887468,-18,18,396.0,81.0999984741211,396.2699890136719,81.16999816894531,-3.5998077392578125,TP
GLD-IAU,LONG_SPREAD,2025-12-16 15:48:00-05:00,2025-12-16 15:52:00-05:00,4.0,-2.1678653255592137,0.044555819349388216,4.740615651708384,18,-19,396.28021240234375,81.16500091552734,395.7799987792969,81.05999755859375,-7.008781433105469,TP
GLD-SLV,SHORT_SPREAD,2025-12-10 12:26:00-05:00,2025-12-10 13:01:00-05:00,35.0,2.2652785197739966,,3.30726087791845,-17,37,386.4800109863281,55.032501220703125,386.2900085449219,54.9900016784668,1.6575584411621094,TIME
GLD-SLV,LONG_SPREAD,2025-12-10 13:23:00-05:00,2025-12-10 13:45:00-05:00,22.0,-2.604297386625228,0.507749514862748,1.4767994337631414,13,-66,385.885009765625,54.93000030517578,385.69000244140625,54.77000045776367,8.024894714355469,TP
GLD-SLV,SHORT_SPREAD,2025-12-10 14:08:00-05:00,2025-12-10 14:16:00-05:00,8.0,2.5677001992569317,0.5947462589808612,2.797254462714265,-17,42,387.6293029785156,55.25,387.5899963378906,55.244998931884766,0.45816802978515625,TP
GLD-SLV,SHORT_SPREAD,2025-12-10 14:29:00-05:00,2025-12-10 14:41:00-05:00,12.0,3.342779578519146,0.11302509687775641,3.9053696405819083,-18,33,386.1400146484375,54.64500045776367,384.95001220703125,54.650001525878906,21.585079193115234,TP
GLD-SLV,LONG_SPREAD,2025-12-11 09:31:00-05:00,2025-12-11 09:32:00-05:00,1.0,-5.8325556635629034,-4.635625284028746,2.7201838991856775,16,-42,389.3399963378906,56.91999816894531,389.3299865722656,56.880001068115234,1.5197219848632812,STOP
GLD-SLV,LONG_SPREAD,2025-12-11 09:33:00-05:00,2025-12-11 09:45:00-05:00,12.0,-3.807674406769514,-0.5909531091876461,2.5293687190547924,16,-44,389.4200134277344,56.83000183105469,389.7900085449219,56.755001068115234,9.219955444335938,TP
GLD-SLV,SHORT_SPREAD,2025-12-11 11:48:00-05:00,2025-12-11 11:49:00-05:00,1.0,3.1314170643791956,4.43356051925854,2.751798267483481,-16,41,392.92999267578125,57.779998779296875,392.989990234375,57.814998626708984,0.4750328063964844,STOP
GLD-SLV,SHORT_SPREAD,2025-12-11 11:50:00-05:00,2025-12-11 11:52:00-05:00,2.0,3.661350592919859,3.6554962294999136,2.8433465442018306,-16,40,393.04998779296875,57.84000015258789,393.3800048828125,57.959999084472656,-0.480316162109375,STOP
GLD-SLV,SHORT_SPREAD,2025-12-11 11:53:00-05:00,2025-12-11 11:59:00-05:00,6.0,2.286960630905242,0.18511554221788168,3.0418324094855422,-17,38,393.05999755859375,57.8849983215332,392.9599914550781,57.939998626708984,3.7901153564453125,TP
GLD-SLV,LONG_SPREAD,2025-12-11 13:35:00-05:00,2025-12-11 13:56:00-05:00,21.0,-2.351631658526414,-0.5993578655675715,2.7240715010468306,16,-41,393.5199890136719,58.25,393.0299987792969,57.95000076293945,4.460124969482422,TP
GLD-SLV,SHORT_SPREAD,2025-12-11 15:31:00-05:00,2025-12-12 09:30:00-05:00,30.0,2.3821976119550383,,1.5925559069383375,-14,60,392.70001220703125,57.44499969482422,398.7300109863281,58.38999938964844,-27.720001220703125,OVERNIGHT_FLAT
GLD-SLV,SHORT_SPREAD,2025-12-12 09:37:00-05:00,2025-12-12 09:51:00-05:00,14.0,2.8059201728923586,0.5509703355782246,6.107387284224759,-19,21,398.8900146484375,58.11000061035156,399.7099914550781,58.29999923706055,-11.589588165283203,TP
GLD-SLV,SHORT_SPREAD,2025-12-12 10:15:00-05:00,2025-12-12 10:17:00-05:00,2.0,2.286599210023306,3.974672669931383,9.28084295342189,-20,15,399.30999755859375,58.01499938964844,398.7099914550781,57.72999954223633,7.725124359130859,STOP
GLD-SLV,SHORT_SPREAD,2025-12-12 10:18:00-05:00,2025-12-12 10:19:00-05:00,1.0,4.208268280774046,4.398042915769708,9.172238148990765,-20,15,398.2699890136719,57.599998474121094,397.8800048828125,57.52000045776367,6.599712371826172,STOP
GLD-SLV,SHORT_SPREAD,2025-12-12 10:20:00-05:00,2025-12-12 10:21:00-05:00,1.0,4.141183122297615,4.279394239268246,8.851921561944051,-20,15,397.29998779296875,57.345001220703125,397.0400085449219,57.279998779296875,4.22454833984375,STOP
GLD-SLV,SHORT_SPREAD,2025-12-12 10:22:00-05:00,2025-12-12 10:56:00-05:00,34.0,3.9123303803668863,0.29154426780212955,8.221284651255178,-20,17,396.9700012207031,57.34000015258789,394.864990234375,56.38999938964844,25.950206756591797,TP
GLD-SLV,SHORT_SPREAD,2025-12-12 12:01:00-05:00,2025-12-12 12:14:00-05:00,13.0,2.2699696394215625,0.47587998320789865,2.3879417522067534,-16,47,393.92999267578125,55.66999816894531,393.0198974609375,55.45000076293945,4.221645355224609,TP
GLD-SLV,SHORT_SPREAD,2025-12-12 13:45:00-05:00,2025-12-12 14:20:00-05:00,35.0,2.441614133214296,,3.5737360315564617,-17,35,394.9320068359375,55.939998626708984,395.4200134277344,55.9900016784668,-6.5460052490234375,TIME
GLD-SLV,SHORT_SPREAD,2025-12-12 14:21:00-05:00,2025-12-12 14:27:00-05:00,6.0,2.4563371965336533,0.4635859468764859,1.5329144922507614,-13,63,395.1400146484375,55.91999816894531,395.1300048828125,55.939998626708984,1.3901557922363281,TP
GLD-SLV,SHORT_SPREAD,2025-12-12 15:06:00-05:00,2025-12-12 15:18:00-05:00,12.0,2.9940199216252488,0.48204317470746716,1.1628851664858397,-12,74,395.67999267578125,56.22930145263672,395.3399963378906,56.02000045776367,-11.408317565917969,TP
GLD-SLV,SHORT_SPREAD,2025-12-15 09:38:00-05:00,2025-12-15 09:45:00-05:00,7.0,2.3843793410351286,0.1580476781508833,1.6133462754602403,-13,59,398.5899963378906,57.742401123046875,398.25,57.66999816894531,0.1481781005859375,TP
GLD-SLV,LONG_SPREAD,2025-12-15 10:01:00-05:00,2025-12-15 10:23:00-05:00,22.0,-2.7960106685679724,-0.27260495994710293,1.6696287013061628,14,-58,397.0799865722656,57.400001525878906,397.7550048828125,57.75,-10.849655151367188,TP
GLD-SLV,LONG_SPREAD,2025-12-15 10:28:00-05:00,2025-12-15 10:36:00-05:00,8.0,-2.263899627390976,-0.4302569974578221,1.51874188297806,13,-62,396.5249938964844,57.40999984741211,397.3775939941406,57.689998626708984,-6.276123046875,TP
GLD-SLV,LONG_SPREAD,2025-12-15 12:16:00-05:00,2025-12-15 12:30:00-05:00,14.0,-2.542659798141988,-0.5927048184579341,4.123062452478465,18,-30,394.9360046386719,57.4900016784668,395.55999755859375,57.560001373291016,9.131881713867188,TP
GLD-SLV,LONG_SPREAD,2025-12-15 15:54:00-05:00,2025-12-15 15:59:00-05:00,5.0,-2.670058494487585,-3.471513317300447,2.2103411921060756,15,-48,395.9700012207031,58.099998474121094,395.80999755859375,58.10499954223633,-2.640106201171875,STOP
GLD-SLV,LONG_SPREAD,2025-12-15 16:00:00-05:00,2025-12-16 09:30:00-05:00,1.0,-2.9655020598668904,,2.1380586918264477,15,-49,395.80999755859375,58.10499954223633,397.8999938964844,57.68000030517578,52.17490768432617,OVERNIGHT_FLAT
GLD-SLV,LONG_SPREAD,2025-12-16 11:00:00-05:00,2025-12-16 11:35:00-05:00,35.0,-2.8200510036033037,,2.789533982049609,16,-41,397.42999267578125,57.709999084472656,395.3500061035156,57.459999084472656,-23.02978515625,TIME
GLD-SLV,SHORT_SPREAD,2025-12-16 13:50:00-05:00,2025-12-16 13:55:00-05:00,5.0,2.21008718119989,-0.23675832835428537,2.1047403781960212,-15,50,396.4888000488281,57.82740020751953,396.44000244140625,57.86000061035156,2.3619842529296875,TP
GLD-SLV,LONG_SPREAD,2025-12-16 14:04:00-05:00,2025-12-16 14:21:00-05:00,17.0,-2.3422328182431116,0.4721404898896889,2.1690297519188446,15,-49,395.9599914550781,57.720001220703125,396.2550048828125,57.779998779296875,1.485321044921875,TP
GLD-SLV,LONG_SPREAD,2025-12-16 14:26:00-05:00,2025-12-16 14:27:00-05:00,1.0,-2.9333685778804566,-3.846556420385627,2.0211790758325825,15,-51,395.4100036621094,57.61000061035156,395.79998779296875,57.68000030517578,2.2797775268554688,STOP
GLD-SLV,LONG_SPREAD,2025-12-16 14:30:00-05:00,2025-12-16 14:46:00-05:00,16.0,-2.200816499103189,0.197539418897898,2.013031294111239,15,-51,396.17999267578125,57.86000061035156,396.6199951171875,57.91999816894531,3.5401611328125,TP
GLD-SLV,SHORT_SPREAD,2025-12-16 14:48:00-05:00,2025-12-16 14:55:00-05:00,7.0,2.2510088719011083,0.5656368240694477,2.100732912087064,-15,50,396.631103515625,57.9243278503418,396.55999755859375,57.93550109863281,1.6252517700195312,TP
IAU-SLV,LONG_SPREAD,2025-12-10 13:23:00-05:00,2025-12-10 13:47:00-05:00,24.0,-2.4529100367346857,0.18917252102642493,0.30357027311863616,26,-125,79.02790069580078,54.93000030517578,78.98500061035156,54.779998779296875,17.634788513183594,TP
IAU-SLV,SHORT_SPREAD,2025-12-10 14:08:00-05:00,2025-12-10 14:41:00-05:00,33.0,2.6178769019878243,0.10111771721805686,0.5712338418806803,-41,103,79.38500213623047,55.25,78.8550033569336,54.650001525878906,-40.06989288330078,TP
IAU-SLV,LONG_SPREAD,2025-12-11 09:31:00-05:00,2025-12-11 09:32:00-05:00,1.0,-5.7347907332064,-4.600080059908809,0.5542890278744592,40,-101,79.7300033569336,56.91999816894531,79.7300033569336,56.880001068115234,4.039707183837891,STOP
IAU-SLV,LONG_SPREAD,2025-12-11 09:33:00-05:00,2025-12-11 09:45:00-05:00,12.0,-3.768314609443822,-0.5769040083884682,0.5151636821167911,38,-104,79.75,56.83000183105469,79.82350158691406,56.755001068115234,10.5931396484375,TP
IAU-SLV,SHORT_SPREAD,2025-12-11 11:48:00-05:00,2025-12-11 11:49:00-05:00,1.0,3.1567995263359006,4.628410302245947,0.5530660938304047,-39,100,80.4800033569336,57.779998779296875,80.48999786376953,57.814998626708984,3.110198974609375,STOP
IAU-SLV,SHORT_SPREAD,2025-12-11 11:50:00-05:00,2025-12-11 11:52:00-05:00,2.0,3.7846049198744356,3.694333615722665,0.5716909253204623,-40,99,80.49500274658203,57.84000015258789,80.55999755859375,57.959999084472656,9.280101776123047,STOP
IAU-SLV,SHORT_SPREAD,2025-12-11 11:53:00-05:00,2025-12-11 11:59:00-05:00,6.0,2.2038395659923182,0.20620891533538663,0.612425324742495,-42,96,80.5,57.8849983215332,80.47380065917969,57.939998626708984,6.380401611328125,TP
IAU-SLV,LONG_SPREAD,2025-12-11 13:36:00-05:00,2025-12-11 13:55:00-05:00,19.0,-2.524895957099003,-0.560605750119674,0.5405988617608302,39,-100,80.59500122070312,58.260101318359375,80.51000213623047,57.97999954223633,24.695213317871094,TP
IAU-SLV,SHORT_SPREAD,2025-12-11 15:31:00-05:00,2025-12-12 09:30:00-05:00,30.0,2.335808921509958,,0.3314836276541415,-27,117,80.41500091552734,57.44499969482422,81.64900207519531,58.38999938964844,77.24693298339844,OVERNIGHT_FLAT
IAU-SLV,SHORT_SPREAD,2025-12-12 09:37:00-05:00,2025-12-12 09:51:00-05:00,14.0,2.8328101694103998,0.555737374193862,1.2538003238536772,-61,68,81.69000244140625,58.11000061035156,81.8499984741211,58.29999923706055,3.1601486206054688,TP
IAU-SLV,SHORT_SPREAD,2025-12-12 10:15:00-05:00,2025-12-12 10:17:00-05:00,2.0,2.2917322168836622,4.006667700641777,1.9015672607292553,-72,53,81.7750015258789,58.01499938964844,81.6500015258789,57.72999954223633,-6.104991912841797,STOP
IAU-SLV,SHORT_SPREAD,2025-12-12 10:18:00-05:00,2025-12-12 10:19:00-05:00,1.0,4.167447357982284,4.401144535077914,1.8794249829440415,-72,54,81.56999969482422,57.599998474121094,81.48500061035156,57.52000045776367,1.8000411987304688,STOP
IAU-SLV,SHORT_SPREAD,2025-12-12 10:20:00-05:00,2025-12-12 10:21:00-05:00,1.0,4.123233046744501,4.242772628014574,1.8134921412102727,-71,55,81.36000061035156,57.345001220703125,81.30999755859375,57.279998779296875,-0.0249176025390625,STOP
IAU-SLV,SHORT_SPREAD,2025-12-12 10:22:00-05:00,2025-12-12 10:56:00-05:00,34.0,3.8937072536593127,0.32808283790728815,1.6841477908871367,-69,58,81.30000305175781,57.34000015258789,80.87000274658203,56.38999938964844,-25.430023193359375,TP
IAU-SLV,SHORT_SPREAD,2025-12-12 13:45:00-05:00,2025-12-12 14:20:00-05:00,35.0,2.4824291728504106,,0.7373701467242125,-47,92,80.86370086669922,55.939998626708984,80.9800033569336,55.9900016784668,-0.865936279296875,TIME
IAU-SLV,SHORT_SPREAD,2025-12-12 14:21:00-05:00,2025-12-12 14:27:00-05:00,6.0,2.4095379346193724,0.47062393392376023,0.2993912238582117,-25,123,80.92500305175781,55.91999816894531,80.91999816894531,55.939998626708984,2.5851783752441406,TP
IAU-SLV,SHORT_SPREAD,2025-12-12 15:10:00-05:00,2025-12-12 15:27:00-05:00,17.0,2.316368074321535,-0.490217854910584,0.2650901678211635,-23,126,81.0199966430664,56.16999816894531,80.9000015258789,55.8224983215332,-41.02509307861328,TP
IAU-SLV,SHORT_SPREAD,2025-12-15 09:38:00-05:00,2025-12-15 09:45:00-05:00,7.0,2.363119830672846,0.18548167912523858,0.330911939171078,-27,117,81.62000274658203,57.742401123046875,81.56999969482422,57.66999816894531,-7.121063232421875,TP
IAU-SLV,LONG_SPREAD,2025-12-15 10:01:00-05:00,2025-12-15 10:23:00-05:00,22.0,-2.921965710600691,-0.43452116509645344,0.3418219466920321,28,-116,81.33000183105469,57.400001525878906,81.45999908447266,57.75,-36.95989990234375,TP
IAU-SLV,LONG_SPREAD,2025-12-15 10:28:00-05:00,2025-12-15 10:36:00-05:00,8.0,-2.299822933275673,-0.5949747643117559,0.30981974247436,26,-119,81.20999908447266,57.40999984741211,81.375,57.689998626708984,-29.029830932617188,TP
IAU-SLV,LONG_SPREAD,2025-12-15 12:16:00-05:00,2025-12-15 12:29:00-05:00,13.0,-2.596088640501973,-0.5220459024128378,0.8327327330653911,50,-85,80.87999725341797,57.4900016784668,81.01899719238281,57.59000015258789,-1.5498733520507812,TP
IAU-SLV,LONG_SPREAD,2025-12-15 15:54:00-05:00,2025-12-15 15:59:00-05:00,5.0,-2.365507128722706,-3.645574368153102,0.44888245336253857,34,-106,81.0999984741211,58.099998474121094,81.06999969482422,58.10499954223633,-1.5500717163085938,STOP
IAU-SLV,LONG_SPREAD,2025-12-15 16:00:00-05:00,2025-12-16 09:30:00-05:00,1.0,-3.09620203990487,,0.43571926762768803,33,-107,81.06999969482422,58.10499954223633,81.51000213623047,57.68000030517578,59.994998931884766,OVERNIGHT_FLAT
IAU-SLV,LONG_SPREAD,2025-12-16 11:00:00-05:00,2025-12-16 11:35:00-05:00,35.0,-2.8047780636028667,,0.5629967850863061,39,-99,81.3949966430664,57.709999084472656,80.9749984741211,57.459999084472656,8.370071411132812,TIME
IAU-SLV,LONG_SPREAD,2025-12-16 14:03:00-05:00,2025-12-16 14:17:00-05:00,14.0,-2.3322146156349475,-0.3123536808528366,0.4330862931636064,33,-108,81.0999984741211,57.7400016784668,81.12000274658203,57.77980041503906,-3.63812255859375,TP
IAU-SLV,LONG_SPREAD,2025-12-16 14:26:00-05:00,2025-12-16 14:27:00-05:00,1.0,-2.8151639124078867,-3.5730334016996466,0.3941382992283695,31,-112,80.98500061035156,57.61000061035156,81.05999755859375,57.68000030517578,-5.5150604248046875,STOP
IAU-SLV,LONG_SPREAD,2025-12-16 14:29:00-05:00,2025-12-16 14:33:00-05:00,4.0,-2.408818104190348,-0.5354510804571296,0.392258859046983,31,-111,81.08000183105469,57.77000045776367,81.13999938964844,57.83580017089844,-5.443843841552734,TP
SPY-IVV,SHORT_SPREAD,2025-12-10 11:15:00-05:00,2025-12-10 11:16:00-05:00,1.0,2.8287733375372333,0.09457785412894434,0.9729535651827164,-6,6,683.1199951171875,686.5399780273438,683.1099853515625,686.5385131835938,0.05126953125,TP
SPY-IVV,LONG_SPREAD,2025-12-10 11:18:00-05:00,2025-12-10 11:21:00-05:00,3.0,-2.1132237868347246,0.3601958047095588,0.9708761692087423,6,-6,683.4500122070312,686.8400268554688,683.3499755859375,686.780029296875,-0.240234375,TP
SPY-IVV,SHORT_SPREAD,2025-12-10 12:22:00-05:00,2025-12-10 12:25:00-05:00,3.0,3.959632571434487,0.2820967413028574,0.9810151646849667,-6,6,683.1199951171875,686.56982421875,683.3350219726562,686.7327880859375,-0.3123779296875,TP
SPY-IVV,SHORT_SPREAD,2025-12-10 12:29:00-05:00,2025-12-10 12:32:00-05:00,3.0,2.186385183952654,-0.19182142711474445,0.980009815912421,-6,6,683.1400146484375,686.5877075195312,683.1500244140625,686.5791015625,-0.1116943359375,TP
SPY-IVV,LONG_SPREAD,2025-12-10 12:46:00-05:00,2025-12-10 12:48:00-05:00,2.0,-2.4328565669753557,-0.3599385693607917,0.9797073578522415,6,-6,683.1099853515625,686.5095825195312,683.3544921875,686.7100219726562,0.264404296875,TP
SPY-IVV,SHORT_SPREAD,2025-12-10 12:49:00-05:00,2025-12-10 12:52:00-05:00,3.0,2.099528719432932,-0.18088821582541093,0.9739967731046919,-6,6,683.4199829101562,686.875,683.6749877929688,687.0900268554688,-0.2398681640625,TP
SPY-IVV,SHORT_SPREAD,2025-12-10 12:59:00-05:00,2025-12-10 13:04:00-05:00,5.0,2.0255977353046664,0.28395436494570003,0.9865388338904983,-6,6,683.8400268554688,687.280029296875,683.77001953125,687.197021484375,-0.0780029296875,TP
SPY-IVV,LONG_SPREAD,2025-12-10 14:08:00-05:00,2025-12-10 14:14:00-05:00,6.0,-3.6883812794912565,0.3030575103055156,0.9826529461928272,6,-6,685.1300048828125,688.5499877929688,684.75,688.1900024414062,-0.1201171875,TP
SPY-IVV,SHORT_SPREAD,2025-12-10 14:22:00-05:00,2025-12-10 14:23:00-05:00,1.0,3.6135826010958736,0.07508469688965388,0.9880685680787239,-6,6,684.6500244140625,688.0800170898438,684.3099975585938,687.739990234375,0.0,TP
SPY-IVV,SHORT_SPREAD,2025-12-10 14:29:00-05:00,2025-12-10 14:36:00-05:00,7.0,2.8088881388217697,4.0216382389531455,0.9877490251413947,-6,6,684.2100219726562,687.5800170898438,685.4000244140625,688.8499755859375,0.479736328125,STOP
SPY-IVV,SHORT_SPREAD,2025-12-10 14:43:00-05:00,2025-12-10 14:44:00-05:00,1.0,2.963978599000306,0.1482627906859217,0.9940237279122307,-6,6,683.97998046875,687.3900146484375,684.3499755859375,687.760009765625,0.0,TP
SPY-IVV,SHORT_SPREAD,2025-12-10 14:46:00-05:00,2025-12-10 14:49:00-05:00,3.0,3.9871079821257007,-3.913415913646666,0.9961999641812852,-6,6,685.322021484375,688.5999755859375,685.2550048828125,688.719970703125,1.1220703125,STOP
SPY-IVV,SHORT_SPREAD,2025-12-11 09:39:00-05:00,2025-12-11 09:44:00-05:00,5.0,2.1342678249412517,0.07493978024361987,0.9845193035703645,-6,6,685.3099975585938,688.780029296875,685.5850219726562,689.0549926757812,-0.0003662109375,TP
SPY-IVV,LONG_SPREAD,2025-12-11 10:02:00-05:00,2025-12-11 10:08:00-05:00,6.0,-2.441290435327328,-0.1408479615541979,0.9929153769257147,6,-6,682.8049926757812,686.2000122070312,684.5396728515625,687.989990234375,-0.331787109375,TP
SPY-IVV,LONG_SPREAD,2025-12-11 10:11:00-05:00,2025-12-11 10:12:00-05:00,1.0,-2.135237747118897,0.3134989821759555,0.9926481478756521,6,-6,684.8790893554688,688.2999877929688,685.219970703125,688.6699829101562,-0.1746826171875,TP
SPY-IVV,SHORT_SPREAD,2025-12-11 11:22:00-05:00,2025-12-11 11:29:00-05:00,7.0,2.5448873773046894,0.07168096987206075,0.997311085409084,-6,6,685.2000122070312,688.6995849609375,684.60498046875,688.030029296875,-0.4471435546875,TP
SPY-IVV,SHORT_SPREAD,2025-12-11 11:45:00-05:00,2025-12-11 11:47:00-05:00,2.0,2.461718830361511,-0.34536137042542664,0.9917611044312612,-6,6,686.60498046875,690.0800170898438,686.4199829101562,689.85498046875,-0.240234375,TP
SPY-IVV,LONG_SPREAD,2025-12-11 11:57:00-05:00,2025-12-11 11:59:00-05:00,2.0,-2.038083060876192,-3.164158941679412,0.9915417358725194,6,-6,684.9450073242188,688.378173828125,685.5,688.9301147460938,0.018310546875,STOP
SPY-IVV,LONG_SPREAD,2025-12-11 12:28:00-05:00,2025-12-11 12:29:00-05:00,1.0,-2.9293576386756652,-0.06709242659924108,0.9845405319547926,6,-6,687.3200073242188,690.780029296875,687.35498046875,690.7899780273438,0.150146484375,TP
SPY-IVV,LONG_SPREAD,2025-12-11 13:26:00-05:00,2025-12-11 13:31:00-05:00,5.0,-2.360918870007615,-0.226577778428261,0.9959269709437023,6,-6,687.4500122070312,690.8699951171875,687.4600219726562,690.9299926757812,-0.2999267578125,TP
SPY-IVV,SHORT_SPREAD,2025-12-11 14:26:00-05:00,2025-12-11 14:27:00-05:00,1.0,2.025969029463087,0.17474577521998125,0.9753303733749621,-6,6,688.739990234375,692.2064819335938,688.6500244140625,692.1099853515625,-0.0391845703125,TP
SPY-IVV,SHORT_SPREAD,2025-12-11 15:01:00-05:00,2025-12-11 15:11:00-05:00,10.0,2.6596246377508512,0.3160661921025479,0.9863133558595529,-6,6,689.0349731445312,692.47998046875,688.8201293945312,692.2899169921875,0.148681640625,TP
SPY-IVV,SHORT_SPREAD,2025-12-11 15:33:00-05:00,2025-12-11 15:34:00-05:00,1.0,2.0069431288237585,-0.30670805630862386,0.9865901205239866,-6,6,688.3800048828125,691.8400268554688,688.2999877929688,691.7100219726562,-0.2999267578125,TP
SPY-IVV,SHORT_SPREAD,2025-12-11 15:35:00-05:00,2025-12-11 15:37:00-05:00,2.0,2.456303797620031,-3.2916242081084954,0.9841257276283754,-6,6,688.219970703125,691.7005004882812,688.1400146484375,691.5999755859375,-0.1234130859375,STOP
SPY-IVV,SHORT_SPREAD,2025-12-11 15:52:00-05:00,2025-12-11 15:56:00-05:00,4.0,2.252511121547434,0.2548546163334555,0.9898159861834555,-6,6,688.9500122070312,692.3900146484375,688.2999877929688,691.739990234375,0.0,TP
SPY-IVV,SHORT_SPREAD,2025-12-12 09:32:00-05:00,2025-12-12 09:33:00-05:00,1.0,2.374713882164025,-4.16613547372589,0.9906141993847437,-6,6,688.1900024414062,691.72998046875,688.5549926757812,692.010009765625,-0.509765625,STOP
SPY-IVV,LONG_SPREAD,2025-12-12 09:37:00-05:00,2025-12-12 09:46:00-05:00,9.0,-4.393221220584515,-0.11391431160330615,0.9972953719582396,6,-6,688.8099975585938,692.2000122070312,688.0250244140625,691.5,-0.509765625,TP
SPY-IVV,SHORT_SPREAD,2025-12-12 09:57:00-05:00,2025-12-12 09:58:00-05:00,1.0,2.516792858032612,-3.550945880539187,1.015800665575719,-6,6,687.6300048828125,691.219970703125,687.6300048828125,691.1199951171875,-0.599853515625,STOP
SPY-IVV,LONG_SPREAD,2025-12-12 10:13:00-05:00,2025-12-12 10:21:00-05:00,8.0,-3.6532007111621,-0.10680563718067754,1.0037256375835588,6,-6,686.0900268554688,689.5399780273438,685.39599609375,688.7899780273438,0.3358154296875,TP
SPY-IVV,SHORT_SPREAD,2025-12-12 10:44:00-05:00,2025-12-12 10:47:00-05:00,3.0,2.053631574233393,0.2814472458087107,0.9899831593005289,-6,6,685.2000122070312,688.614990234375,685.280029296875,688.7100219726562,0.090087890625,TP
SPY-IVV,LONG_SPREAD,2025-12-12 11:04:00-05:00,2025-12-12 11:05:00-05:00,1.0,-2.0300520242971007,-0.36380909773791525,0.9908061755682696,6,-6,680.6199951171875,684.0418701171875,681.0,684.4500122070312,-0.1688232421875,TP
SPY-IVV,LONG_SPREAD,2025-12-12 11:13:00-05:00,2025-12-12 11:15:00-05:00,2.0,-3.064874135497485,-0.34455823899635485,0.9936663177575382,6,-6,681.1599731445312,684.5599975585938,681.6099853515625,685.02001953125,-0.06005859375,TP
SPY-IVV,SHORT_SPREAD,2025-12-12 11:25:00-05:00,2025-12-12 11:27:00-05:00,2.0,2.1030752943300888,0.19927305316860433,0.9938389959427795,-6,6,680.8300170898438,684.1799926757812,680.5599975585938,683.97998046875,0.4200439453125,TP
SPY-IVV,LONG_SPREAD,2025-12-12 11:43:00-05:00,2025-12-12 11:46:00-05:00,3.0,-2.505933981302348,0.1330636151034564,0.9939699101967363,6,-6,680.4500122070312,683.8400268554688,680.02001953125,683.4099731445312,0.0003662109375,TP
SPY-IVV,LONG_SPREAD,2025-12-12 11:54:00-05:00,2025-12-12 11:55:00-05:00,1.0,-2.7403584349415953,-0.32276808244796834,0.9944318717336834,6,-6,680.0499877929688,683.469970703125,679.6900024414062,683.0900268554688,0.1197509765625,TP
SPY-IVV,LONG_SPREAD,2025-12-12 12:32:00-05:00,2025-12-12 12:33:00-05:00,1.0,-2.079139333597172,-0.15192320114658672,0.9875289580006236,6,-6,681.5449829101562,684.969970703125,681.9500122070312,685.3499755859375,0.150146484375,TP
SPY-IVV,SHORT_SPREAD,2025-12-12 12:41:00-05:00,2025-12-12 12:42:00-05:00,1.0,2.217143597553261,0.09494790277111018,0.9902730207756552,-6,6,682.510009765625,685.9299926757812,682.7000122070312,686.0399780273438,-0.4801025390625,TP
SPY-IVV,SHORT_SPREAD,2025-12-12 12:43:00-05:00,2025-12-12 12:44:00-05:00,1.0,2.1902430329646148,-0.3943016877826118,0.9914198818745975,-6,6,682.5900268554688,686.0250244140625,682.469970703125,685.9099731445312,0.030029296875,TP
SPY-IVV,SHORT_SPREAD,2025-12-12 13:14:00-05:00,2025-12-12 13:16:00-05:00,2.0,3.072682952523043,-0.37120894741686583,0.995004073474653,-6,6,683.6500244140625,687.0900268554688,684.14501953125,687.5900268554688,0.030029296875,TP
SPY-IVV,LONG_SPREAD,2025-12-12 13:21:00-05:00,2025-12-12 13:22:00-05:00,1.0,-2.288439497137064,-3.274796947337647,0.9943184943538685,6,-6,683.4000244140625,686.9500122070312,683.22998046875,686.6799926757812,0.599853515625,STOP
SPY-IVV,LONG_SPREAD,2025-12-12 13:27:00-05:00,2025-12-12 13:29:00-05:00,2.0,-3.322393095992375,-0.023460949294380227,0.9887445834685392,6,-6,683.5700073242188,686.9747924804688,683.8800048828125,687.3200073242188,-0.2113037109375,TP
SPY-IVV,LONG_SPREAD,2025-12-12 13:33:00-05:00,2025-12-12 13:37:00-05:00,4.0,-3.310711524885348,-0.34009779312983124,0.9885896772468574,6,-6,683.501708984375,686.969970703125,683.3599853515625,686.75,0.469482421875,TP
SPY-IVV,LONG_SPREAD,2025-12-12 13:54:00-05:00,2025-12-12 13:56:00-05:00,2.0,-2.019425507688577,0.23664311702968105,0.9908854313331081,6,-6,683.2949829101562,686.7000122070312,683.1300048828125,686.5599975585938,-0.1497802734375,TP
SPY-IVV,LONG_SPREAD,2025-12-12 14:28:00-05:00,2025-12-12 14:30:00-05:00,2.0,-2.004789850214652,0.31587214057902774,0.9942986452820115,6,-6,681.3150024414062,684.760009765625,681.739990234375,685.1199951171875,0.3900146484375,TP
SPY-IVV,SHORT_SPREAD,2025-12-12 14:38:00-05:00,2025-12-12 14:43:00-05:00,5.0,2.238912114293527,-0.3009694912041939,0.9911299264212782,-6,6,681.739990234375,685.1400146484375,681.8499755859375,685.25,0.0,TP
SPY-IVV,LONG_SPREAD,2025-12-12 15:01:00-05:00,2025-12-12 15:04:00-05:00,3.0,-2.0220821254287666,-0.1474331316299069,0.992053798670599,6,-6,681.7050170898438,685.2000122070312,681.7899780273438,685.260009765625,0.1497802734375,TP
SPY-IVV,LONG_SPREAD,2025-12-15 09:33:00-05:00,2025-12-15 09:35:00-05:00,2.0,-2.3065363205983602,0.11386871338164106,0.988002400343723,6,-6,684.3800048828125,687.7999877929688,684.2100219726562,687.6400146484375,-0.06005859375,TP
SPY-IVV,LONG_SPREAD,2025-12-15 09:42:00-05:00,2025-12-15 09:43:00-05:00,1.0,-2.738184640124125,-0.18021120625147805,0.9906178906755616,6,-6,684.0499877929688,687.5045166015625,683.8699951171875,687.27001953125,0.3270263671875,TP
SPY-IVV,LONG_SPREAD,2025-12-15 09:45:00-05:00,2025-12-15 09:48:00-05:00,3.0,-3.2994751160886584,-4.419929270690046,0.9897135550850802,6,-6,683.4099731445312,686.8400268554688,683.25,686.69091796875,-0.065185546875,STOP
SPY-IVV,SHORT_SPREAD,2025-12-15 09:54:00-05:00,2025-12-15 10:00:00-05:00,6.0,2.52950279298147,0.39228204570426206,0.9890068151863286,-6,6,682.9149780273438,686.3400268554688,682.1199951171875,685.530029296875,-0.090087890625,TP
SPY-IVV,LONG_SPREAD,2025-12-15 10:10:00-05:00,2025-12-15 10:11:00-05:00,1.0,-2.4562259728787343,-0.04777172711089976,0.9889131402836859,6,-6,681.5449829101562,684.969970703125,681.2703857421875,684.8099975585938,-0.687744140625,TP
SPY-IVV,LONG_SPREAD,2025-12-15 10:12:00-05:00,2025-12-15 10:13:00-05:00,1.0,-2.925989554473709,-3.3759183067033725,0.9896442922082577,6,-6,681.3101196289062,684.8800048828125,681.4400024414062,684.7949829101562,1.2894287109375,STOP
SPY-IVV,SHORT_SPREAD,2025-12-15 10:21:00-05:00,2025-12-15 10:22:00-05:00,1.0,2.231418141039301,-0.399702269743982,0.9894893822565527,-6,6,681.1699829101562,684.6099853515625,680.8200073242188,684.2000732421875,-0.359619140625,TP
SPY-IVV,LONG_SPREAD,2025-12-15 10:33:00-05:00,2025-12-15 10:35:00-05:00,2.0,-3.3680189280709136,0.2056643803790835,0.9906532955642251,6,-6,681.1950073242188,684.5974731445312,681.0700073242188,684.469970703125,0.0150146484375,TP
SPY-IVV,SHORT_SPREAD,2025-12-15 10:48:00-05:00,2025-12-15 10:49:00-05:00,1.0,2.1878904316358656,0.3289814410625299,0.9899598602930089,-6,6,681.6500244140625,685.0599975585938,682.0800170898438,685.510009765625,0.1201171875,TP
SPY-IVV,SHORT_SPREAD,2025-12-15 11:49:00-05:00,2025-12-15 11:52:00-05:00,3.0,2.2831278141666416,0.040058240219310634,0.9955738981139739,-6,6,680.5499877929688,683.9000244140625,681.2399291992188,684.6199951171875,0.18017578125,TP
SPY-IVV,SHORT_SPREAD,2025-12-15 11:59:00-05:00,2025-12-15 12:00:00-05:00,1.0,3.350455396147474,-0.05806732631556624,0.992400994392795,-6,6,680.8800048828125,684.2899780273438,681.0499877929688,684.469970703125,0.06005859375,TP
SPY-IVV,SHORT_SPREAD,2025-12-15 12:05:00-05:00,2025-12-15 12:10:00-05:00,5.0,2.029692478332899,0.13068994347773574,0.98823302398006,-6,6,680.9099731445312,684.3499755859375,681.02001953125,684.4299926757812,-0.18017578125,TP
SPY-IVV,SHORT_SPREAD,2025-12-15 12:12:00-05:00,2025-12-15 12:19:00-05:00,7.0,2.87414687277574,0.14982121526115927,0.9846802914688946,-6,6,681.0999145507812,684.47998046875,680.4299926757812,683.8400268554688,0.1798095703125,TP
SPY-IVV,SHORT_SPREAD,2025-12-15 12:39:00-05:00,2025-12-15 12:40:00-05:00,1.0,2.8198016312426257,0.34425235326446674,0.9882216549028593,-6,6,680.8300170898438,684.219970703125,680.9849853515625,684.4199829101562,0.270263671875,TP
SPY-IVV,LONG_SPREAD,2025-12-15 13:00:00-05:00,2025-12-15 13:04:00-05:00,4.0,-2.4082979852816995,-0.15374444775914217,0.982024988803842,6,-6,680.4400024414062,683.8200073242188,680.5700073242188,683.9400024414062,0.06005859375,TP
SPY-IVV,SHORT_SPREAD,2025-12-15 13:06:00-05:00,2025-12-15 13:10:00-05:00,4.0,2.4808041589669196,0.2821395573057204,0.9860087473023788,-6,6,680.8900146484375,684.22998046875,680.875,684.2999877929688,0.5101318359375,TP
SPY-IVV,LONG_SPREAD,2025-12-15 13:35:00-05:00,2025-12-15 13:38:00-05:00,3.0,-2.1753612067282817,0.1930394148609213,0.9960522990221875,6,-6,679.8200073242188,683.260009765625,680.1057739257812,683.5123291015625,0.20068359375,TP
SPY-IVV,SHORT_SPREAD,2025-12-15 13:49:00-05:00,2025-12-15 13:50:00-05:00,1.0,3.2439948140137385,-0.11621172214684274,0.9964796863284872,-6,6,680.4199829101562,683.8300170898438,680.7100219726562,684.1199951171875,-0.0003662109375,TP
SPY-IVV,SHORT_SPREAD,2025-12-15 14:55:00-05:00,2025-12-15 15:00:00-05:00,5.0,2.094491775403885,-0.29465362426380437,0.9997115961985735,-6,6,681.219970703125,684.6400146484375,681.25,684.6900024414062,0.1197509765625,TP
SPY-IVV,LONG_SPREAD,2025-12-15 15:18:00-05:00,2025-12-15 15:23:00-05:00,5.0,-2.059894553418276,0.16113718170088606,0.9822456563811031,6,-6,681.1300048828125,684.5599975585938,680.75,684.1599731445312,0.1201171875,TP
SPY-IVV,LONG_SPREAD,2025-12-15 15:35:00-05:00,2025-12-15 15:37:00-05:00,2.0,-7.131426443809905,-0.1600539368611507,0.9859683326712206,6,-6,680.6925048828125,684.1300048828125,680.8800048828125,684.2949829101562,0.1351318359375,TP
SPY-IVV,SHORT_SPREAD,2025-12-15 15:49:00-05:00,2025-12-15 15:53:00-05:00,4.0,2.096308598696349,-0.12300993022601438,0.9871271369809694,-6,6,681.1749877929688,684.5700073242188,681.4000244140625,684.8099975585938,0.0897216796875,TP
SPY-IVV,LONG_SPREAD,2025-12-16 09:46:00-05:00,2025-12-16 09:51:00-05:00,5.0,-2.813424370411355,3.215905245567401,0.4578193687054436,4,-9,678.52001953125,679.5,680.5700073242188,681.6300048828125,-10.9700927734375,STOP
SPY-IVV,SHORT_SPREAD,2025-12-16 11:56:00-05:00,2025-12-16 11:58:00-05:00,2.0,2.627645075397888,0.29870415414447565,0.9938302141880613,-6,6,677.8400268554688,678.780029296875,678.2800903320312,679.27001953125,0.299560546875,TP
SPY-IVV,SHORT_SPREAD,2025-12-16 12:33:00-05:00,2025-12-16 12:35:00-05:00,2.0,2.1628590874329365,-0.3492127455458745,0.9993998878599787,-6,6,677.8250122070312,678.760009765625,678.1900024414062,679.1749877929688,0.2999267578125,TP
SPY-IVV,SHORT_SPREAD,2025-12-16 13:05:00-05:00,2025-12-16 13:08:00-05:00,3.0,3.1739729290797523,0.0739339565114898,0.9900853607059507,-6,6,675.6300048828125,676.6099853515625,675.760009765625,676.6799926757812,-0.3599853515625,TP
SPY-IVV,LONG_SPREAD,2025-12-16 13:12:00-05:00,2025-12-16 13:15:00-05:00,3.0,-2.705968241528983,-0.06368989079412625,0.9907038705685562,6,-6,675.4199829101562,676.2999877929688,676.0700073242188,676.9099731445312,0.240234375,TP
SPY-IVV,SHORT_SPREAD,2025-12-16 13:16:00-05:00,2025-12-16 13:20:00-05:00,4.0,3.374569234235143,0.34318274549515443,0.9872229232767694,-6,6,675.8699951171875,676.8380126953125,675.4600219726562,676.4099731445312,-0.1083984375,TP
SPY-IVV,LONG_SPREAD,2025-12-16 13:32:00-05:00,2025-12-16 13:34:00-05:00,2.0,-2.3371340787685013,-0.3296532566375629,0.9874103166910854,6,-6,675.9099731445312,676.8499755859375,676.5599975585938,677.530029296875,-0.18017578125,TP
SPY-IVV,SHORT_SPREAD,2025-12-16 13:39:00-05:00,2025-12-16 13:42:00-05:00,3.0,2.455291704747756,-0.1403241990448987,0.9859968000907778,-6,6,677.14501953125,678.1300048828125,677.4299926757812,678.3800048828125,-0.2098388671875,TP
SPY-IVV,SHORT_SPREAD,2025-12-16 13:44:00-05:00,2025-12-16 13:45:00-05:00,1.0,2.9236661254143628,-0.3503356271938073,0.9876265289760925,-6,6,677.8400268554688,678.8300170898438,678.219970703125,679.1500244140625,-0.359619140625,TP
SPY-IVV,LONG_SPREAD,2025-12-16 13:53:00-05:00,2025-12-16 13:57:00-05:00,4.0,-2.263911985874668,-0.11002831228053489,0.9871988787209102,6,-6,678.1699829101562,679.1799926757812,677.780029296875,678.77001953125,0.1201171875,TP
SPY-IVV,LONG_SPREAD,2025-12-16 14:02:00-05:00,2025-12-16 14:05:00-05:00,3.0,-3.6281936235990164,0.08469248710541716,0.9862078900681367,6,-6,677.1400146484375,678.1599731445312,676.6799926757812,677.64501953125,0.32958984375,TP
SPY-IVV,LONG_SPREAD,2025-12-16 14:13:00-05:00,2025-12-16 14:15:00-05:00,2.0,-2.180026512397482,-0.2944384776852467,0.9854717773881917,6,-6,676.1699829101562,677.0999755859375,676.22998046875,677.1900024414062,-0.18017578125,TP
SPY-IVV,SHORT_SPREAD,2025-12-16 14:31:00-05:00,2025-12-16 14:35:00-05:00,4.0,2.7337514460272017,-0.12637689655064185,0.9868847934336227,-6,6,677.260009765625,678.25,677.8400268554688,678.8499755859375,0.1197509765625,TP
SPY-IVV,SHORT_SPREAD,2025-12-16 15:42:00-05:00,2025-12-16 15:43:00-05:00,1.0,2.3028136253605265,0.17504595030686562,0.9906052878732642,-6,6,680.25,681.2449951171875,679.989990234375,680.9932861328125,0.0498046875,TP
SPY-IVV,SHORT_SPREAD,2025-12-16 15:54:00-05:00,2025-12-16 15:55:00-05:00,1.0,3.382537991962104,0.314070327591439,0.9859641432462759,-6,6,679.9099731445312,680.9000244140625,680.0399780273438,681.0599975585938,0.1798095703125,TP
SPY-VOO,SHORT_SPREAD,2025-12-10 11:08:00-05:00,2025-12-10 11:09:00-05:00,1.0,3.8458998773560533,-0.13643605016269955,1.0829354235842141,-6,6,682.3610229492188,627.4299926757812,682.47998046875,627.5499877929688,0.0062255859375,TP
SPY-VOO,SHORT_SPREAD,2025-12-10 11:27:00-05:00,2025-12-10 11:33:00-05:00,6.0,3.8191117723589816,-0.19683005267839387,1.0826967310007387,-6,6,683.744384765625,628.719970703125,683.6500244140625,628.6500244140625,0.146484375,TP
SPY-VOO,SHORT_SPREAD,2025-12-10 11:44:00-05:00,2025-12-10 11:46:00-05:00,2.0,2.0413519697107394,0.011597932389629684,1.0763561895176443,-6,6,683.27001953125,628.2999877929688,683.280029296875,628.280029296875,-0.1798095703125,TP
SPY-VOO,LONG_SPREAD,2025-12-10 11:56:00-05:00,2025-12-10 11:58:00-05:00,2.0,-2.6417404791181096,0.045247264665705444,1.0747909539937524,6,-6,683.5999755859375,628.5599975585938,683.6500244140625,628.5999145507812,0.060791015625,TP
SPY-VOO,LONG_SPREAD,2025-12-10 12:46:00-05:00,2025-12-10 12:47:00-05:00,1.0,-4.639970807058109,-0.2667226355668004,1.0777152286910676,6,-6,683.1099853515625,628.1300048828125,683.1641845703125,628.1900024414062,-0.0347900390625,TP
SPY-VOO,SHORT_SPREAD,2025-12-10 13:12:00-05:00,2025-12-10 13:15:00-05:00,3.0,3.3432849549114034,-0.024002049020258293,1.0852450222725443,-6,6,683.9000244140625,628.8400268554688,683.8400268554688,628.7901000976562,0.0604248046875,TP
SPY-VOO,LONG_SPREAD,2025-12-10 13:27:00-05:00,2025-12-10 13:32:00-05:00,5.0,-2.939213350488575,0.32585515703639467,1.0901318484945546,6,-6,682.9199829101562,627.9998779296875,683.1199951171875,628.1199951171875,0.4793701171875,TP
SPY-VOO,SHORT_SPREAD,2025-12-10 13:37:00-05:00,2025-12-10 13:38:00-05:00,1.0,2.789122045580537,-0.2937505333883933,1.0828803555938096,-6,6,683.125,628.14501953125,683.0900268554688,628.0952758789062,-0.088623046875,TP
SPY-VOO,LONG_SPREAD,2025-12-10 13:51:00-05:00,2025-12-10 13:56:00-05:00,5.0,-2.3869889311149453,-0.2564844526327242,1.0832564511629408,6,-6,682.8599853515625,627.9199829101562,682.52001953125,627.5800170898438,0.0,TP
SPY-VOO,SHORT_SPREAD,2025-12-10 14:07:00-05:00,2025-12-10 14:09:00-05:00,2.0,2.44769541185887,-0.2695049572688065,1.0915104645640044,-6,6,685.0,629.9000244140625,685.2899780273438,630.1599731445312,-0.18017578125,TP
SPY-VOO,LONG_SPREAD,2025-12-10 14:19:00-05:00,2025-12-10 14:21:00-05:00,2.0,-2.3810719586247693,0.2348435185913516,1.0814129030219803,6,-6,685.0349731445312,629.8300170898438,684.8699951171875,629.7319946289062,-0.4017333984375,TP
SPY-VOO,SHORT_SPREAD,2025-12-10 14:26:00-05:00,2025-12-10 14:27:00-05:00,1.0,2.000562482880874,-0.344792805950017,1.0837046085850468,-6,6,683.9000244140625,628.8599853515625,683.5399780273438,628.58349609375,0.5013427734375,TP
SPY-VOO,LONG_SPREAD,2025-12-10 14:28:00-05:00,2025-12-10 14:31:00-05:00,3.0,-2.3555613929137005,-0.20226542374267584,1.0838476929641205,6,-6,683.739990234375,628.6500244140625,684.760009765625,629.6300048828125,0.240234375,TP
SPY-VOO,SHORT_SPREAD,2025-12-10 14:33:00-05:00,2025-12-10 14:34:00-05:00,1.0,2.6592384214946536,-0.0951320190874522,1.0863263188931818,-6,6,685.4299926757812,630.260009765625,685.9893798828125,630.7799072265625,-0.2369384765625,TP
SPY-VOO,SHORT_SPREAD,2025-12-10 14:36:00-05:00,2025-12-10 14:38:00-05:00,2.0,2.1468436239487234,0.13619320747416394,1.0888861982540756,-6,6,685.4000244140625,630.25,685.8300170898438,630.6298828125,-0.3006591796875,TP
SPY-VOO,SHORT_SPREAD,2025-12-10 14:43:00-05:00,2025-12-10 14:44:00-05:00,1.0,2.024652416247096,0.08447552233118372,1.0864883799255496,-6,6,683.97998046875,628.9199829101562,684.3499755859375,629.3300170898438,0.240234375,TP
SPY-VOO,LONG_SPREAD,2025-12-10 14:45:00-05:00,2025-12-10 14:46:00-05:00,1.0,-2.0982428768073538,-0.12502847413748952,1.0860209455910996,6,-6,685.2100219726562,630.0599975585938,685.322021484375,630.1400146484375,0.19189453125,TP
SPY-VOO,LONG_SPREAD,2025-12-10 14:49:00-05:00,2025-12-10 14:51:00-05:00,2.0,-3.350948597398984,0.11954311753421144,1.083923906573244,6,-6,685.2550048828125,630.1400146484375,686.0,630.8099975585938,0.4500732421875,TP
SPY-VOO,SHORT_SPREAD,2025-12-10 15:17:00-05:00,2025-12-10 15:19:00-05:00,2.0,2.1213072126345165,0.3829297976331544,1.0844808457917392,-6,6,688.3389892578125,632.9600219726562,688.239990234375,632.8499755859375,-0.0662841796875,TP
SPY-VOO,LONG_SPREAD,2025-12-11 09:40:00-05:00,2025-12-11 09:41:00-05:00,1.0,-2.9355994943277848,0.35214224425835317,1.085507595163594,6,-6,685.344970703125,630.1799926757812,685.1900024414062,630.0999145507812,-0.4493408203125,TP
SPY-VOO,LONG_SPREAD,2025-12-11 10:14:00-05:00,2025-12-11 10:15:00-05:00,1.0,-3.542987808379213,0.09546352258610816,1.083327057130125,6,-6,685.030029296875,629.8900146484375,684.9199829101562,629.8300170898438,-0.30029296875,TP
SPY-VOO,SHORT_SPREAD,2025-12-11 10:36:00-05:00,2025-12-11 10:41:00-05:00,5.0,2.3846623932005917,-0.2697072249764353,1.0839751757397216,-6,6,685.760009765625,630.511474609375,685.8099975585938,630.5750122070312,0.081298828125,TP
SPY-VOO,SHORT_SPREAD,2025-12-11 11:03:00-05:00,2025-12-11 11:05:00-05:00,2.0,2.977083981928028,0.018474400956411622,1.0817446274664164,-6,6,685.7949829101562,630.510986328125,685.1699829101562,630.0159912109375,0.780029296875,TP
SPY-VOO,SHORT_SPREAD,2025-12-11 11:08:00-05:00,2025-12-11 11:12:00-05:00,4.0,2.550194842327977,-0.2982132239992608,1.082870755869209,-6,6,685.2249755859375,630.1099853515625,685.2249755859375,630.0599975585938,-0.2999267578125,TP
SPY-VOO,LONG_SPREAD,2025-12-11 11:27:00-05:00,2025-12-11 11:28:00-05:00,1.0,-3.519944574770793,-0.216408637240994,1.079109486094297,6,-6,684.8900146484375,629.760009765625,684.655029296875,629.530029296875,-0.030029296875,TP
SPY-VOO,LONG_SPREAD,2025-12-11 11:32:00-05:00,2025-12-11 11:37:00-05:00,5.0,-2.927793781154559,-0.14574890078887467,1.0792580629379007,6,-6,684.9600219726562,629.8350219726562,685.6343994140625,630.4219970703125,0.5244140625,TP
SPY-VOO,LONG_SPREAD,2025-12-11 11:46:00-05:00,2025-12-11 11:47:00-05:00,1.0,-2.366290744651541,-0.23416657867466606,1.076690700037334,6,-6,686.8699951171875,631.5999755859375,686.4199829101562,631.1599731445312,-0.06005859375,TP
SPY-VOO,LONG_SPREAD,2025-12-11 12:15:00-05:00,2025-12-11 12:16:00-05:00,1.0,-2.235152546011473,0.2836375660633835,1.0785780300336143,6,-6,686.72998046875,631.4500122070312,686.989990234375,631.739990234375,-0.1798095703125,TP
SPY-VOO,SHORT_SPREAD,2025-12-11 12:35:00-05:00,2025-12-11 12:41:00-05:00,6.0,2.3380624043439155,-0.35078428830449093,1.0835672578573359,-6,6,687.4799194335938,632.1300048828125,687.969970703125,632.5999755859375,-0.1204833984375,TP
SPY-VOO,LONG_SPREAD,2025-12-11 14:24:00-05:00,2025-12-11 14:25:00-05:00,1.0,-2.552674202955413,-0.2676197853504065,1.0737740350605194,6,-6,688.6799926757812,633.2700805664062,688.5900268554688,633.2000122070312,-0.119384765625,TP
SPY-VOO,SHORT_SPREAD,2025-12-11 14:47:00-05:00,2025-12-11 14:48:00-05:00,1.0,2.092113188361652,0.06598933611714763,1.0747547514940303,-6,6,689.0399780273438,633.5999755859375,688.989990234375,633.5531005859375,0.0186767578125,TP
SPY-VOO,LONG_SPREAD,2025-12-11 15:37:00-05:00,2025-12-11 15:39:00-05:00,2.0,-3.3539978834816018,0.3743380723052387,1.0908470325457216,6,-6,688.1400146484375,632.7794799804688,688.2055053710938,632.8300170898438,0.0897216796875,TP
SPY-VOO,SHORT_SPREAD,2025-12-12 09:43:00-05:00,2025-12-12 09:44:00-05:00,1.0,4.4544022911764705,-0.25507933991306087,1.0809337668274985,-6,6,687.8400268554688,632.4849853515625,687.9400024414062,632.5800170898438,-0.0296630859375,TP
SPY-VOO,LONG_SPREAD,2025-12-12 09:46:00-05:00,2025-12-12 09:49:00-05:00,3.0,-2.8318493293844575,3.5201988262410624,1.0857532498897147,6,-6,688.0250244140625,632.6699829101562,687.389892578125,632.0599975585938,-0.15087890625,STOP
SPY-VOO,LONG_SPREAD,2025-12-12 09:51:00-05:00,2025-12-12 09:56:00-05:00,5.0,-3.5393896686300477,-0.3851905650300229,1.0912571473419495,6,-6,687.6300048828125,632.25,687.8400268554688,632.4598999023438,0.000732421875,TP
SPY-VOO,LONG_SPREAD,2025-12-12 09:58:00-05:00,2025-12-12 10:02:00-05:00,4.0,-2.340882980029718,0.2861949870044117,1.0954420379205934,6,-6,687.6300048828125,632.3200073242188,686.9500122070312,631.6411743164062,-0.0069580078125,TP
SPY-VOO,SHORT_SPREAD,2025-12-12 10:10:00-05:00,2025-12-12 10:13:00-05:00,3.0,2.983513657468031,0.1784971559054365,1.09158281448369,-6,6,686.1798706054688,630.9550170898438,686.0900268554688,630.85009765625,-0.0904541015625,TP
SPY-VOO,SHORT_SPREAD,2025-12-12 10:31:00-05:00,2025-12-12 10:33:00-05:00,2.0,2.2577768748409754,0.2306578486702985,1.0822724290035572,-6,6,684.0800170898438,629.0289916992188,684.6749877929688,629.52001953125,-0.6236572265625,TP
SPY-VOO,LONG_SPREAD,2025-12-12 10:53:00-05:00,2025-12-12 10:58:00-05:00,5.0,-3.6652123164898525,0.1324536515027514,1.078447275969339,6,-6,684.1900024414062,629.1199951171875,681.6300048828125,626.8200073242188,-1.56005859375,TP
SPY-VOO,LONG_SPREAD,2025-12-12 10:59:00-05:00,2025-12-12 11:00:00-05:00,1.0,-2.4979000954326263,-0.16614881313957838,1.0799228511020702,6,-6,681.739990234375,626.8499755859375,682.280029296875,627.4398803710938,-0.2991943359375,TP
SPY-VOO,LONG_SPREAD,2025-12-12 11:01:00-05:00,2025-12-12 11:04:00-05:00,3.0,-2.745025448240744,-0.25948621333404714,1.0815566181860223,6,-6,681.9774780273438,627.1019897460938,680.6199951171875,625.8499755859375,-0.6328125,TP
SPY-VOO,SHORT_SPREAD,2025-12-12 11:24:00-05:00,2025-12-12 11:25:00-05:00,1.0,2.5078803814295876,0.2782396848385524,1.0844870568259821,-6,6,680.3699951171875,625.5900268554688,680.8300170898438,625.989990234375,-0.3603515625,TP
SPY-VOO,LONG_SPREAD,2025-12-12 11:28:00-05:00,2025-12-12 11:29:00-05:00,1.0,-2.0055039392007705,-0.31734116466765755,1.0851067137430401,6,-6,680.77001953125,625.97998046875,681.27001953125,626.4299926757812,0.2999267578125,TP
SPY-VOO,LONG_SPREAD,2025-12-12 11:38:00-05:00,2025-12-12 11:39:00-05:00,1.0,-2.3860152330330084,0.16502710514822125,1.0884223153536516,6,-6,679.3400268554688,624.655029296875,679.6500244140625,624.9600219726562,0.030029296875,TP
SPY-VOO,SHORT_SPREAD,2025-12-12 11:41:00-05:00,2025-12-12 11:45:00-05:00,4.0,2.628293712980558,0.2788353910258426,1.087616318206752,-6,6,680.22998046875,625.4515991210938,680.0999755859375,625.3687133789062,0.28271484375,TP
SPY-VOO,SHORT_SPREAD,2025-12-12 11:50:00-05:00,2025-12-12 11:56:00-05:00,6.0,2.4688363298448,0.1365828248163733,1.0872818138802827,-6,6,679.8687744140625,625.1099853515625,680.0800170898438,625.344970703125,0.1424560546875,TP
SPY-VOO,SHORT_SPREAD,2025-12-12 13:15:00-05:00,2025-12-12 13:16:00-05:00,1.0,4.171310348333506,0.30062881979223693,1.0815615769349978,-6,6,683.8499755859375,628.8099975585938,684.14501953125,629.0700073242188,-0.210205078125,TP
SPY-VOO,SHORT_SPREAD,2025-12-12 13:24:00-05:00,2025-12-12 13:25:00-05:00,1.0,2.0056980625018213,0.07149270278617102,1.086042803460663,-6,6,683.3699951171875,628.3690185546875,683.5,628.5,0.005859375,TP
SPY-VOO,LONG_SPREAD,2025-12-12 13:27:00-05:00,2025-12-12 13:31:00-05:00,4.0,-5.152701784050341,0.24758566188868256,1.0818808088544805,6,-6,683.5700073242188,628.5399780273438,683.6500244140625,628.6199951171875,0.0,TP
SPY-VOO,LONG_SPREAD,2025-12-12 13:43:00-05:00,2025-12-12 13:46:00-05:00,3.0,-3.0652519481665097,0.08472252487800648,1.0868403204649089,6,-6,683.0999755859375,628.0999755859375,682.7750244140625,627.8400268554688,-0.3900146484375,TP
SPY-VOO,LONG_SPREAD,2025-12-12 13:54:00-05:00,2025-12-12 13:57:00-05:00,3.0,-2.3014997114930162,-0.33356374236023884,1.0855502432334245,6,-6,683.2949829101562,628.2899780273438,682.5900268554688,627.6599731445312,-0.44970703125,TP
SPY-VOO,SHORT_SPREAD,2025-12-12 14:32:00-05:00,2025-12-12 14:34:00-05:00,2.0,2.588428823839654,-0.03955527235813798,1.0833703534950263,-6,6,681.6799926757812,626.7601318359375,681.77001953125,626.9215698242188,0.428466796875,TP
SPY-VOO,SHORT_SPREAD,2025-12-12 14:41:00-05:00,2025-12-12 14:43:00-05:00,2.0,2.3847624858682224,-0.08834016526827837,1.0818507019740953,-6,6,682.010009765625,627.1500244140625,681.8499755859375,626.9600219726562,-0.1798095703125,TP
SPY-VOO,LONG_SPREAD,2025-12-12 15:36:00-05:00,2025-12-12 15:37:00-05:00,1.0,-3.9165959879224914,-0.281555552579226,1.0945160781994663,6,-6,680.4450073242188,625.6900024414062,680.344970703125,625.5900268554688,-0.0003662109375,TP
SPY-VOO,LONG_SPREAD,2025-12-15 09:33:00-05:00,2025-12-15 09:34:00-05:00,1.0,-2.013346385329819,0.046295445949919876,1.0840960370246582,6,-6,684.3800048828125,629.2999877929688,683.9550170898438,628.9099731445312,-0.2098388671875,TP
SPY-VOO,SHORT_SPREAD,2025-12-15 09:50:00-05:00,2025-12-15 09:51:00-05:00,1.0,3.962511749415427,-0.21077474747070127,1.0832459013641489,-6,6,683.1199951171875,628.14501953125,683.0900268554688,628.0999755859375,-0.0904541015625,TP
SPY-VOO,SHORT_SPREAD,2025-12-15 09:53:00-05:00,2025-12-15 09:55:00-05:00,2.0,2.3286754055965115,-0.23328636164982305,1.0835820458867176,-6,6,682.719970703125,627.72998046875,682.780029296875,627.8699951171875,0.479736328125,TP
SPY-VOO,LONG_SPREAD,2025-12-15 09:56:00-05:00,2025-12-15 09:57:00-05:00,1.0,-2.1135841545652987,-0.12400683632887081,1.0834753088788394,6,-6,682.610107421875,627.672119140625,682.4500122070312,627.4688110351562,0.25927734375,TP
SPY-VOO,SHORT_SPREAD,2025-12-15 09:58:00-05:00,2025-12-15 09:59:00-05:00,1.0,2.4552472959024105,0.021621438507912965,1.0835292807458394,-6,6,682.4600219726562,627.530029296875,682.4299926757812,627.5,0.0,TP
SPY-VOO,LONG_SPREAD,2025-12-15 10:12:00-05:00,2025-12-15 10:13:00-05:00,1.0,-4.644971497922694,-0.33897757764795167,1.0843164613702516,6,-6,681.3101196289062,626.47998046875,681.4400024414062,626.6099243164062,-0.0003662109375,TP
SPY-VOO,SHORT_SPREAD,2025-12-15 10:17:00-05:00,2025-12-15 10:19:00-05:00,2.0,2.580115083476674,-0.2603383552682994,1.0837776329722129,-6,6,681.0499877929688,626.2100219726562,680.6699829101562,625.8699951171875,0.2398681640625,TP
SPY-VOO,SHORT_SPREAD,2025-12-15 10:21:00-05:00,2025-12-15 10:28:00-05:00,7.0,2.509216233761545,-0.3911445277016143,1.0829563891014644,-6,6,681.1699829101562,626.3532104492188,679.5899047851562,624.8900146484375,0.7012939453125,TP
SPY-VOO,SHORT_SPREAD,2025-12-15 10:43:00-05:00,2025-12-15 10:45:00-05:00,2.0,2.746720231482219,-0.265595547874498,1.083985523300082,-6,6,681.1799926757812,626.375,681.8300170898438,626.9450073242188,-0.4801025390625,TP
SPY-VOO,SHORT_SPREAD,2025-12-15 10:48:00-05:00,2025-12-15 10:49:00-05:00,1.0,2.809568868816376,0.01465446734325661,1.0842149102146492,-6,6,681.6500244140625,626.783203125,682.0800170898438,627.1799926757812,-0.19921875,TP
SPY-VOO,LONG_SPREAD,2025-12-15 10:51:00-05:00,2025-12-15 10:52:00-05:00,1.0,-2.2849381716667496,-0.1366871855729161,1.0842136529237583,6,-6,681.9299926757812,627.0469970703125,681.4400024414062,626.60498046875,-0.287841796875,TP
SPY-VOO,LONG_SPREAD,2025-12-15 11:22:00-05:00,2025-12-15 11:24:00-05:00,2.0,-2.1546243168953776,0.36048661800111675,1.08838601167043,6,-6,682.3302001953125,627.4500122070312,682.5599975585938,627.6199951171875,0.35888671875,TP
SPY-VOO,LONG_SPREAD,2025-12-15 11:32:00-05:00,2025-12-15 11:34:00-05:00,2.0,-2.6980888598153916,0.08481187892971566,1.0822961735776735,6,-6,681.9400024414062,627.0700073242188,681.4299926757812,626.5900268554688,-0.18017578125,TP
SPY-VOO,SHORT_SPREAD,2025-12-15 11:37:00-05:00,2025-12-15 11:38:00-05:00,1.0,2.700403747473673,-0.1046928890854711,1.0805224241208387,-6,6,680.72998046875,625.9400024414062,680.9299926757812,626.1300048828125,-0.06005859375,TP
SPY-VOO,SHORT_SPREAD,2025-12-15 11:59:00-05:00,2025-12-15 12:00:00-05:00,1.0,2.5550437277510314,0.12717521097147816,1.0780207300723148,-6,6,680.8800048828125,626.0698852539062,681.0499877929688,626.2899780273438,0.3006591796875,TP
SPY-VOO,LONG_SPREAD,2025-12-15 12:01:00-05:00,2025-12-15 12:11:00-05:00,10.0,-2.0099401034815707,0.2868244100026793,1.0766002861548838,6,-6,680.8499755859375,626.0599975585938,680.9100952148438,626.0499877929688,0.4207763671875,TP
SPY-VOO,SHORT_SPREAD,2025-12-15 13:06:00-05:00,2025-12-15 13:08:00-05:00,2.0,2.6966476083065722,0.08831992497897101,1.0677315650007295,-6,6,680.8900146484375,626.0549926757812,680.6649780273438,625.9099731445312,0.4801025390625,TP
SPY-VOO,SHORT_SPREAD,2025-12-15 13:10:00-05:00,2025-12-15 13:11:00-05:00,1.0,2.3367094327659528,-0.2513430095263608,1.069213394353279,-6,6,680.875,626.0800170898438,680.7750244140625,625.97998046875,-0.0003662109375,TP
SPY-VOO,LONG_SPREAD,2025-12-15 13:44:00-05:00,2025-12-15 13:45:00-05:00,1.0,-2.0168632481021675,0.06510526484059685,1.0751706695329153,6,-6,680.280029296875,625.52001953125,680.4500122070312,625.6900024414062,0.0,TP
SPY-VOO,SHORT_SPREAD,2025-12-15 14:23:00-05:00,2025-12-15 14:25:00-05:00,2.0,2.85508386947983,-0.05540235376995985,1.0801407058658543,-6,6,680.8900756835938,626.0999755859375,680.7702026367188,626.0014038085938,0.1278076171875,TP
SPY-VOO,SHORT_SPREAD,2025-12-15 14:35:00-05:00,2025-12-15 14:37:00-05:00,2.0,2.721483181981601,0.32975963136906095,1.0829428639620595,-6,6,680.8171997070312,626.0399780273438,680.72998046875,625.8499755859375,-0.61669921875,TP
SPY-VOO,SHORT_SPREAD,2025-12-15 14:38:00-05:00,2025-12-15 14:41:00-05:00,3.0,3.945895333207569,-0.002572724224007657,1.0815780305723688,-6,6,680.7000732421875,625.9299926757812,680.9249877929688,626.1300048828125,-0.1494140625,TP
SPY-VOO,SHORT_SPREAD,2025-12-16 09:34:00-05:00,2025-12-16 09:35:00-05:00,1.0,4.266320153672625,3.3205330743499064,1.0716372984269704,-6,6,679.5599975585938,624.7650146484375,679.4299926757812,624.7349853515625,0.599853515625,STOP
SPY-VOO,SHORT_SPREAD,2025-12-16 09:55:00-05:00,2025-12-16 09:58:00-05:00,3.0,3.8523450672726796,-0.053977177551520254,1.0751266733670135,-6,6,680.5499877929688,625.75,680.780029296875,625.9400024414062,-0.240234375,TP
SPY-VOO,LONG_SPREAD,2025-12-16 10:06:00-05:00,2025-12-16 10:13:00-05:00,7.0,-3.6560098927480924,-0.1512428309990453,1.077469854044933,6,-6,680.1300048828125,625.388427734375,679.110107421875,624.4973754882812,-0.7730712890625,TP
SPY-VOO,LONG_SPREAD,2025-12-16 10:14:00-05:00,2025-12-16 10:17:00-05:00,3.0,-2.609524011862392,-0.2656968917335737,1.0782495125216134,6,-6,679.3150024414062,624.6500244140625,678.3400268554688,623.72998046875,-0.32958984375,TP
SPY-VOO,LONG_SPREAD,2025-12-16 10:21:00-05:00,2025-12-16 10:23:00-05:00,2.0,-2.508389507710989,-0.04267017849538914,1.082461114642435,6,-6,677.9000244140625,623.35498046875,677.6199951171875,623.0499877929688,0.1497802734375,TP
SPY-VOO,LONG_SPREAD,2025-12-16 10:38:00-05:00,2025-12-16 10:40:00-05:00,2.0,-5.263876974518071,-0.04989445166609585,1.0874171396479402,6,-6,677.1900024414062,622.7000122070312,677.3599853515625,622.8472900390625,0.13623046875,TP
SPY-VOO,LONG_SPREAD,2025-12-16 10:49:00-05:00,2025-12-16 10:51:00-05:00,2.0,-2.835942457358971,0.20553712507814378,1.0871223742230787,6,-6,678.489990234375,623.8499755859375,677.9299926757812,623.4199829101562,-0.780029296875,TP
SPY-VOO,SHORT_SPREAD,2025-12-16 10:59:00-05:00,2025-12-16 11:03:00-05:00,4.0,2.261434291483748,-0.39796450880975415,1.0890110562997408,-6,6,679.0,624.3599853515625,679.0,624.3499755859375,-0.06005859375,TP
SPY-VOO,SHORT_SPREAD,2025-12-16 12:09:00-05:00,2025-12-16 12:13:00-05:00,4.0,2.802073523644845,-0.19450537238086793,1.0808996108194262,-6,6,677.989990234375,623.4299926757812,678.4099731445312,623.8200073242188,-0.1798095703125,TP
SPY-VOO,LONG_SPREAD,2025-12-16 12:26:00-05:00,2025-12-16 12:28:00-05:00,2.0,-2.5267951102764195,-0.14060894189070497,1.0838863134561738,6,-6,677.22998046875,622.7299194335938,677.3699951171875,622.8699951171875,-0.0003662109375,TP
SPY-VOO,SHORT_SPREAD,2025-12-16 12:49:00-05:00,2025-12-16 12:50:00-05:00,1.0,2.1793630541350524,-0.28088506441432426,1.0818621647090423,-6,6,676.6300048828125,622.1649780273438,676.5900268554688,622.0599975585938,-0.3900146484375,TP
SPY-VOO,SHORT_SPREAD,2025-12-16 12:51:00-05:00,2025-12-16 12:55:00-05:00,4.0,2.4068664836115343,-0.2535312889887124,1.0795451733338124,-6,6,676.3200073242188,621.8897705078125,676.260009765625,621.8200073242188,-0.05859375,TP
SPY-VOO,SHORT_SPREAD,2025-12-16 13:09:00-05:00,2025-12-16 13:11:00-05:00,2.0,2.255204124282269,-0.3661917002956337,1.0785252875595834,-6,6,675.7550048828125,621.3298950195312,675.5599975585938,621.1900024414062,0.3306884765625,TP
SPY-VOO,SHORT_SPREAD,2025-12-16 13:26:00-05:00,2025-12-16 13:28:00-05:00,2.0,2.6671277378511977,0.19008106054713114,1.0772859214001926,-6,6,675.52001953125,621.1519775390625,675.5250244140625,621.0800170898438,-0.4617919921875,TP
SPY-VOO,SHORT_SPREAD,2025-12-16 13:36:00-05:00,2025-12-16 13:41:00-05:00,5.0,2.905876305345986,-3.3377029692673217,1.0771516078514318,-6,6,676.989990234375,622.4299926757812,677.4500122070312,622.9199829101562,0.1798095703125,STOP
SPY-VOO,LONG_SPREAD,2025-12-16 13:53:00-05:00,2025-12-16 13:54:00-05:00,1.0,-2.2060029886011576,0.11485051039644689,1.076668780689485,6,-6,678.1699829101562,623.5800170898438,677.7999877929688,623.27001953125,-0.3599853515625,TP
SPY-VOO,LONG_SPREAD,2025-12-16 14:02:00-05:00,2025-12-16 14:03:00-05:00,1.0,-2.5705969018114074,0.2514046723095078,1.0762702639058785,6,-6,677.1400146484375,622.6199951171875,676.6400146484375,622.1300048828125,-0.06005859375,TP
SPY-VOO,LONG_SPREAD,2025-12-16 14:13:00-05:00,2025-12-16 14:15:00-05:00,2.0,-2.2816171236233918,-0.07831704616589329,1.0762721350685385,6,-6,676.1699829101562,621.7000122070312,676.22998046875,621.8099975585938,-0.2999267578125,TP
SPY-VOO,SHORT_SPREAD,2025-12-16 14:46:00-05:00,2025-12-16 14:47:00-05:00,1.0,2.209620957893487,0.35699030764857037,1.079540342978591,-6,6,677.7050170898438,623.1400146484375,677.864990234375,623.3099975585938,0.06005859375,TP
QQQ-SPY,LONG_SPREAD,2025-12-10 13:21:00-05:00,2025-12-10 13:38:00-05:00,17.0,-2.347562489423882,-0.13574435751275232,0.9732473515427165,7,-6,623.5399780273438,683.5399169921875,623.2100219726562,683.0900268554688,0.3896484375,TP
QQQ-SPY,LONG_SPREAD,2025-12-10 14:38:00-05:00,2025-12-10 14:54:00-05:00,16.0,-3.199052854773273,-0.4346375086213599,1.0482675485738822,7,-6,625.6799926757812,685.8300170898438,627.1950073242188,687.0485229492188,3.2940673828125,TP
QQQ-SPY,LONG_SPREAD,2025-12-11 09:31:00-05:00,2025-12-11 09:32:00-05:00,1.0,-7.846763287244562,-5.765000558799925,1.1154694297789882,7,-6,622.9149780273438,684.9400024414062,622.9000244140625,685.02001953125,-0.58477783203125,STOP
QQQ-SPY,LONG_SPREAD,2025-12-11 09:33:00-05:00,2025-12-11 09:34:00-05:00,1.0,-4.926681939516085,-4.619037172827008,1.1807842629897696,7,-6,622.344970703125,684.77001953125,622.1600952148438,684.6801147460938,-0.75469970703125,STOP
QQQ-SPY,LONG_SPREAD,2025-12-11 09:35:00-05:00,2025-12-11 09:50:00-05:00,15.0,-4.074742728341176,0.14674724788279275,1.249292635272253,8,-5,622.969970703125,685.219970703125,619.4512939453125,683.219970703125,-18.1494140625,TP
QQQ-SPY,LONG_SPREAD,2025-12-11 10:13:00-05:00,2025-12-11 10:48:00-05:00,35.0,-2.316522243577158,,1.830212022371999,9,-4,621.6699829101562,685.0700073242188,620.3099975585938,684.9400024414062,-11.7198486328125,TIME
QQQ-SPY,LONG_SPREAD,2025-12-11 14:57:00-05:00,2025-12-11 15:08:00-05:00,11.0,-2.43108272587375,-0.5350017075319243,1.5725206570948238,8,-5,625.2000122070312,689.0350952148438,625.2100219726562,688.8602905273438,0.9541015625,TP
QQQ-SPY,SHORT_SPREAD,2025-12-12 10:59:00-05:00,2025-12-12 11:14:00-05:00,15.0,2.7188852197105637,0.21430020340370054,1.4005241587659352,-8,5,614.3590087890625,681.739990234375,613.2000122070312,681.030029296875,5.72216796875,TP
QQQ-SPY,SHORT_SPREAD,2025-12-12 12:12:00-05:00,2025-12-12 12:21:00-05:00,9.0,2.302144790958999,0.5140373746408131,1.0796943718570025,-7,6,614.47998046875,681.8400268554688,615.4600219726562,682.801513671875,-1.09136962890625,TP
QQQ-SPY,SHORT_SPREAD,2025-12-12 13:21:00-05:00,2025-12-12 13:24:00-05:00,3.0,2.326553431992769,-0.1397604402672621,1.1803336106619553,-7,6,616.3599853515625,683.4000244140625,616.2100219726562,683.3699951171875,0.86956787109375,TP
QQQ-SPY,SHORT_SPREAD,2025-12-12 14:02:00-05:00,2025-12-12 14:14:00-05:00,12.0,2.4640332799376576,0.2683162153727127,1.2593665995564445,-8,5,614.8499755859375,682.0599975585938,614.280029296875,681.739990234375,2.95953369140625,TP
QQQ-SPY,LONG_SPREAD,2025-12-12 14:37:00-05:00,2025-12-12 14:41:00-05:00,4.0,-2.3821174372908063,0.3374147990524154,1.1607416834731366,7,-6,614.1699829101562,681.77001953125,614.6199951171875,682.010009765625,1.71014404296875,TP
QQQ-SPY,LONG_SPREAD,2025-12-12 15:10:00-05:00,2025-12-12 15:27:00-05:00,17.0,-3.2953156123782392,-0.4028894971907572,1.210736051067521,8,-5,614.5999755859375,682.25,613.760009765625,681.4201049804688,-2.57025146484375,TP
QQQ-SPY,LONG_SPREAD,2025-12-12 15:48:00-05:00,2025-12-15 09:30:00-05:00,13.0,-2.6196315060215842,,1.2281812090570001,8,-5,613.7999877929688,681.780029296875,617.7000122070312,685.1500244140625,14.3502197265625,OVERNIGHT_FLAT
QQQ-SPY,LONG_SPREAD,2025-12-15 09:41:00-05:00,2025-12-15 09:50:00-05:00,9.0,-2.3423010263055897,-0.014600742421405171,1.1054792822800728,7,-6,616.260009765625,684.219970703125,615.1699829101562,683.1199951171875,-1.03033447265625,TP
QQQ-SPY,LONG_SPREAD,2025-12-15 09:57:00-05:00,2025-12-15 10:32:00-05:00,35.0,-2.605956765870554,,1.035660609980017,7,-6,613.905029296875,682.4500122070312,610.8699951171875,680.6300048828125,-10.3251953125,TIME
QQQ-SPY,LONG_SPREAD,2025-12-15 10:33:00-05:00,2025-12-15 10:48:00-05:00,15.0,-2.375476435498402,-0.5622175519858065,1.2665876266914038,8,-5,611.6099853515625,681.1950073242188,612.6500244140625,681.6500244140625,6.04522705078125,TP
QQQ-SPY,SHORT_SPREAD,2025-12-15 11:37:00-05:00,2025-12-15 12:10:00-05:00,33.0,2.9861127172622686,0.5652336227258404,1.4806104832905544,-8,5,612.2379760742188,680.72998046875,612.4600219726562,681.02001953125,-0.326171875,TP
QQQ-SPY,LONG_SPREAD,2025-12-15 13:01:00-05:00,2025-12-15 13:13:00-05:00,12.0,-3.4511697068987304,-0.5095619673061665,1.1913738834755732,8,-6,611.0250244140625,680.0900268554688,612.0900268554688,680.875,3.8101806640625,TP
QQQ-SPY,LONG_SPREAD,2025-12-15 14:30:00-05:00,2025-12-15 15:05:00-05:00,35.0,-2.493934983071961,,1.1698772687975165,7,-6,611.6199951171875,680.7700805664062,611.8499755859375,681.489990234375,-2.7095947265625,TIME
QQQ-SPY,SHORT_SPREAD,2025-12-16 09:58:00-05:00,2025-12-16 10:33:00-05:00,35.0,2.3304085747633905,,0.9759000891819081,-7,6,611.9600219726562,680.780029296875,608.97998046875,678.1712036132812,5.20733642578125,TIME
QQQ-SPY,SHORT_SPREAD,2025-12-16 12:42:00-05:00,2025-12-16 13:13:00-05:00,31.0,2.327507979822719,0.22934973029280384,1.5426773816208492,-8,5,608.9000244140625,676.9199829101562,607.7000122070312,675.6400146484375,3.20025634765625,TP
QQQ-SPY,SHORT_SPREAD,2025-12-16 13:35:00-05:00,2025-12-16 13:37:00-05:00,2.0,2.8565867325741383,3.748828716857756,1.024619919630952,-7,6,609.1699829101562,676.8499755859375,609.3699951171875,676.8800048828125,-1.21990966796875,STOP
QQQ-SPY,SHORT_SPREAD,2025-12-16 13:38:00-05:00,2025-12-16 13:39:00-05:00,1.0,4.331302486267039,3.5019825271655804,1.0212043947004517,-7,6,609.489990234375,677.0499877929688,609.5599975585938,677.14501953125,0.08013916015625,STOP
QQQ-SPY,SHORT_SPREAD,2025-12-16 13:40:00-05:00,2025-12-16 14:01:00-05:00,21.0,3.0387294596538763,0.3706100955269777,1.024102823314207,-7,6,609.8900146484375,677.4000244140625,609.9099731445312,677.50537109375,0.49237060546875,TP
QQQ-SPY,SHORT_SPREAD,2025-12-16 14:17:00-05:00,2025-12-16 14:31:00-05:00,14.0,2.70006774462665,0.21430499316790788,1.1949962330228179,-8,6,608.4199829101562,675.969970703125,609.719970703125,677.260009765625,-2.65966796875,TP
QQQ-SPY,SHORT_SPREAD,2025-12-16 15:39:00-05:00,2025-12-16 15:46:00-05:00,7.0,3.138368740800563,3.5148524909100103,1.0653619779361287,-7,6,612.9600219726562,680.0900268554688,612.7880249023438,679.8300170898438,-0.3560791015625,STOP
QQQ-VTI,SHORT_SPREAD,2025-12-10 15:51:00-05:00,2025-12-10 15:52:00-05:00,1.0,2.667787282938348,0.5379337510804628,1.9771787700891583,-9,8,628.0999755859375,338.9800109863281,627.969970703125,338.9798889160156,1.1690673828125,TP
QQQ-VTI,LONG_SPREAD,2025-12-11 09:31:00-05:00,2025-12-11 09:32:00-05:00,1.0,-8.47902945072708,-5.820974500222439,2.095921238350072,9,-8,622.9149780273438,337.5899963378906,622.9000244140625,337.7192077636719,-1.16827392578125,STOP
QQQ-VTI,LONG_SPREAD,2025-12-11 09:33:00-05:00,2025-12-11 09:34:00-05:00,1.0,-5.27045493780139,-4.850387857097274,2.219965719088719,9,-8,622.344970703125,337.6000061035156,622.1600952148438,337.5790100097656,-1.49591064453125,STOP
QQQ-VTI,LONG_SPREAD,2025-12-11 09:35:00-05:00,2025-12-11 09:36:00-05:00,1.0,-4.339920319994168,-3.759591365551908,2.359414815949541,10,-7,622.969970703125,337.8949890136719,622.5900268554688,337.8699951171875,-3.624481201171875,STOP
QQQ-VTI,LONG_SPREAD,2025-12-11 09:37:00-05:00,2025-12-11 09:38:00-05:00,1.0,-3.7853539811430887,-3.6333812991577927,2.4790710725797127,10,-7,622.75,338.005615234375,622.905029296875,338.0325927734375,1.3614501953125,STOP
QQQ-VTI,LONG_SPREAD,2025-12-11 09:39:00-05:00,2025-12-11 09:50:00-05:00,11.0,-3.219981892889358,-0.2875203895307098,2.5832591215550154,10,-7,622.4500122070312,338.010009765625,619.4512939453125,336.9800109863281,-22.777191162109375,TP
QQQ-VTI,LONG_SPREAD,2025-12-11 10:25:00-05:00,2025-12-11 11:00:00-05:00,35.0,-2.4282059128503115,,4.030349549261206,11,-5,622.8900146484375,338.364990234375,621.27001953125,338.0899963378906,-16.444976806640625,TIME
QQQ-VTI,LONG_SPREAD,2025-12-11 14:58:00-05:00,2025-12-11 15:08:00-05:00,10.0,-2.6824302971268232,-0.24715508875421582,3.17345781513332,10,-6,625.1699829101562,339.82501220703125,625.2100219726562,339.739990234375,0.9105224609375,TP
QQQ-VTI,SHORT_SPREAD,2025-12-11 15:57:00-05:00,2025-12-12 09:30:00-05:00,4.0,2.789997940711589,,2.394800520565161,-10,7,625.1400146484375,339.5899963378906,621.8400268554688,339.32501220703125,31.144989013671875,OVERNIGHT_FLAT
QQQ-VTI,SHORT_SPREAD,2025-12-12 11:00:00-05:00,2025-12-12 11:14:00-05:00,14.0,2.4849149633481296,0.08298481460533176,2.7060723823347104,-10,7,614.8800048828125,336.5115966796875,613.2000122070312,335.82000732421875,11.95880126953125,TP
QQQ-VTI,SHORT_SPREAD,2025-12-12 13:14:00-05:00,2025-12-12 13:18:00-05:00,4.0,4.105284323463471,0.5901912076203062,2.2740142021704908,-10,8,616.5800170898438,337.0400085449219,617.1199951171875,337.3699951171875,-2.7598876953125,TP
QQQ-VTI,SHORT_SPREAD,2025-12-12 13:45:00-05:00,2025-12-12 13:46:00-05:00,1.0,2.9666563701838435,3.9267834439492857,2.5298522643418835,-10,7,615.9000244140625,336.6400146484375,615.6699829101562,336.6199951171875,2.1602783203125,STOP
QQQ-VTI,SHORT_SPREAD,2025-12-12 13:48:00-05:00,2025-12-12 13:52:00-05:00,4.0,2.410751528894822,-0.23581959782903572,2.5252342386330033,-10,7,615.8983764648438,336.75,616.0999755859375,336.8900146484375,-1.035888671875,TP
QQQ-VTI,SHORT_SPREAD,2025-12-12 14:03:00-05:00,2025-12-12 14:14:00-05:00,11.0,2.6799491823763257,0.1521695028471282,2.485942688877867,-10,7,615.1300048828125,336.3800048828125,614.280029296875,336.1400146484375,6.81982421875,TP
QQQ-VTI,LONG_SPREAD,2025-12-12 15:10:00-05:00,2025-12-12 15:19:00-05:00,9.0,-2.6289968889680306,-0.1785214731938259,2.402931255776436,10,-7,614.5999755859375,336.30999755859375,614.1699829101562,336.1300048828125,-3.03997802734375,TP
QQQ-VTI,LONG_SPREAD,2025-12-12 15:48:00-05:00,2025-12-12 15:54:00-05:00,6.0,-2.9494077266531873,-3.625247471725071,2.3859593756365793,10,-7,613.7999877929688,336.05999755859375,613.25,335.8399963378906,-3.959869384765625,STOP
QQQ-VTI,LONG_SPREAD,2025-12-15 09:41:00-05:00,2025-12-15 09:49:00-05:00,8.0,-2.4014449067214283,-0.5470564896010555,2.2928287280268327,10,-8,616.260009765625,337.239990234375,615.8400268554688,336.79998779296875,-0.6798095703125,TP
QQQ-VTI,LONG_SPREAD,2025-12-15 09:57:00-05:00,2025-12-15 10:32:00-05:00,35.0,-2.4859316645885077,,2.202717303186983,10,-8,613.905029296875,336.2300109863281,610.8699951171875,335.3500061035156,-23.310302734375,TIME
QQQ-VTI,LONG_SPREAD,2025-12-15 10:33:00-05:00,2025-12-15 10:47:00-05:00,14.0,-2.7245707159355304,-0.44989677413447793,2.559461957225348,10,-7,611.6099853515625,335.6099853515625,612.8049926757812,335.8699951171875,10.1300048828125,TP
QQQ-VTI,SHORT_SPREAD,2025-12-15 11:37:00-05:00,2025-12-15 12:12:00-05:00,35.0,3.4090214232828484,,2.9962482566688,-11,6,612.2379760742188,335.260009765625,612.489990234375,335.5,-1.33221435546875,TIME
QQQ-VTI,LONG_SPREAD,2025-12-15 13:01:00-05:00,2025-12-15 13:26:00-05:00,25.0,-2.9551437845639366,-0.0965368721533452,2.388108466182148,10,-7,611.0250244140625,335.07000732421875,610.6400146484375,334.7900085449219,-1.890106201171875,TP
QQQ-VTI,LONG_SPREAD,2025-12-15 14:31:00-05:00,2025-12-15 15:06:00-05:00,35.0,-3.0611234657294695,,2.2886008327233713,10,-8,611.8599853515625,335.5,611.875,335.70001220703125,-1.449951171875,TIME
QQQ-VTI,SHORT_SPREAD,2025-12-16 09:58:00-05:00,2025-12-16 10:01:00-05:00,3.0,2.464475523943185,3.739514105906033,2.2222532908135175,-10,8,611.9600219726562,335.3800048828125,611.8800048828125,335.25,-0.2398681640625,STOP
QQQ-VTI,SHORT_SPREAD,2025-12-16 10:02:00-05:00,2025-12-16 10:28:00-05:00,26.0,2.937721817705491,-0.37520396926403526,2.2505405823721887,-10,8,611.0399780273438,334.79998779296875,607.8599853515625,333.6099853515625,22.2799072265625,TP
QQQ-VTI,SHORT_SPREAD,2025-12-16 13:36:00-05:00,2025-12-16 14:02:00-05:00,26.0,2.888605447946699,0.262971156661408,2.0463625914408152,-9,8,609.3759765625,333.3900146484375,609.489990234375,333.46990966796875,-0.386962890625,TP
QQQ-VTI,SHORT_SPREAD,2025-12-16 14:06:00-05:00,2025-12-16 14:31:00-05:00,25.0,2.883770695834393,0.5850480775330408,2.3706388738879154,-10,8,608.8800048828125,333.0899963378906,609.719970703125,333.5199890136719,-4.959716796875,TP
QQQ-VTI,SHORT_SPREAD,2025-12-16 15:39:00-05:00,2025-12-16 15:57:00-05:00,18.0,2.943244166380653,0.5177373642193329,2.1610686421028023,-10,8,612.9600219726562,334.9100036621094,612.75,334.7699890136719,0.9801025390625,TP
XLF-KBE,LONG_SPREAD,2025-12-10 13:16:00-05:00,2025-12-10 13:28:00-05:00,12.0,-2.8619324826019525,-0.1656233805122477,0.7458953221829789,71,-84,53.654998779296875,61.30500030517578,53.6150016784668,61.2400016784668,2.6200904846191406,TP
XLF-KBE,LONG_SPREAD,2025-12-10 14:02:00-05:00,2025-12-10 14:37:00-05:00,35.0,-3.455444701691842,,0.6037583081643546,63,-91,53.584999084472656,61.2599983215332,53.810001373291016,61.935001373291016,-47.2501335144043,TIME
XLF-KBE,SHORT_SPREAD,2025-12-11 09:33:00-05:00,2025-12-11 09:34:00-05:00,1.0,2.997088828616657,3.65537599714144,0.3125760160987979,-39,109,54.15999984741211,62.68000030517578,54.17789840698242,62.67499923706055,-1.2431602478027344,STOP
XLF-KBE,SHORT_SPREAD,2025-12-11 09:35:00-05:00,2025-12-11 09:36:00-05:00,1.0,3.7768228697117867,3.9358151355455218,0.33392328060941356,-41,107,54.220001220703125,62.720001220703125,54.28049850463867,62.834999084472656,9.824382781982422,STOP
XLF-KBE,SHORT_SPREAD,2025-12-11 09:37:00-05:00,2025-12-11 09:38:00-05:00,1.0,3.8316110407307704,3.935539335394033,0.36208983259057753,-44,105,54.33000183105469,62.875,54.38999938964844,62.904998779296875,0.509979248046875,STOP
XLF-KBE,SHORT_SPREAD,2025-12-11 09:47:00-05:00,2025-12-11 10:22:00-05:00,35.0,2.59560140744351,,0.6115760342944929,-62,88,54.46500015258789,62.95000076293945,54.42499923706055,62.540000915527344,-33.59992980957031,TIME
XLF-KBE,LONG_SPREAD,2025-12-12 14:22:00-05:00,2025-12-12 14:34:00-05:00,12.0,-2.293732049273001,-0.09624027105106173,0.7027735225183419,67,-84,54.79499816894531,62.209999084472656,54.84560012817383,62.244998931884766,0.4503440856933594,TP
XLF-KBE,SHORT_SPREAD,2025-12-12 15:00:00-05:00,2025-12-12 15:35:00-05:00,35.0,2.205023317412972,,0.8839220957769977,-76,76,54.869998931884766,62.20500183105469,54.78499984741211,62.25,9.879791259765625,TIME
XLF-KBE,SHORT_SPREAD,2025-12-15 09:38:00-05:00,2025-12-15 09:54:00-05:00,16.0,2.5168492900309194,0.4069781884491809,0.3915025084484145,-45,102,55.224998474121094,63.040000915527344,55.165000915527344,62.88999938964844,-12.600265502929688,TP
XLF-KBE,SHORT_SPREAD,2025-12-15 10:28:00-05:00,2025-12-15 11:03:00-05:00,35.0,2.692306625690267,,0.5391443112360523,-57,93,55.1349983215332,62.69499969482422,55.0806999206543,62.66999816894531,0.769866943359375,TIME
XLF-KBE,LONG_SPREAD,2025-12-15 11:47:00-05:00,2025-12-15 12:02:00-05:00,15.0,-2.6936739958865856,-0.5264276894785426,0.6934000034899299,67,-85,54.93000030517578,62.505001068115234,54.935001373291016,62.4900016784668,1.6100196838378906,TP
XLF-KBE,LONG_SPREAD,2025-12-15 15:24:00-05:00,2025-12-15 15:27:00-05:00,3.0,-3.1604699767131508,-0.43262289369059675,0.8002037223408404,72,-79,54.97999954223633,62.685001373291016,54.96500015258789,62.6349983215332,2.8702850341796875,TP
XLF-KBE,LONG_SPREAD,2025-12-15 15:46:00-05:00,2025-12-15 15:50:00-05:00,4.0,-2.8271671470730686,-0.5489581848544283,0.7357557021079434,69,-82,54.9900016784668,62.709999084472656,55.025001525878906,62.66999816894531,5.695064544677734,TP
XLF-KBE,SHORT_SPREAD,2025-12-15 15:52:00-05:00,2025-12-16 09:30:00-05:00,9.0,2.6549515950032987,,0.7072086321852425,-67,84,55.04999923706055,62.68000030517578,55.025001525878906,62.720001220703125,5.034923553466797,OVERNIGHT_FLAT
XLF-KBE,LONG_SPREAD,2025-12-16 13:27:00-05:00,2025-12-16 13:30:00-05:00,3.0,-2.769533576494069,-4.064435960120712,1.077080001518796,85,-69,54.564998626708984,62.29999923706055,54.6150016784668,62.43000030517578,-4.719814300537109,STOP
XLF-KBE,LONG_SPREAD,2025-12-16 13:31:00-05:00,2025-12-16 13:32:00-05:00,1.0,-4.075142492370908,-3.6873150196659727,1.0421744512571487,84,-70,54.61370086669922,62.43000030517578,54.595001220703125,62.43000030517578,-1.570770263671875,STOP
XLF-KBE,LONG_SPREAD,2025-12-16 13:33:00-05:00,2025-12-16 14:08:00-05:00,35.0,-3.7261041442593887,,0.9862116748247441,81,-72,54.625,62.439998626708984,54.59960174560547,62.25,11.622642517089844,TIME
XLF-KRE,LONG_SPREAD,2025-12-10 13:18:00-05:00,2025-12-10 13:24:00-05:00,6.0,-2.324870049772338,0.04313014289947498,0.6263899516464787,64,-84,53.654998779296875,65.83999633789062,53.625,65.73999786376953,6.479949951171875,TP
XLF-KRE,LONG_SPREAD,2025-12-10 14:02:00-05:00,2025-12-10 14:37:00-05:00,35.0,-2.5686722452794837,,0.540339312889082,58,-88,53.584999084472656,65.76000213623047,53.810001373291016,66.54000091552734,-55.589759826660156,TIME
XLF-KRE,SHORT_SPREAD,2025-12-11 09:33:00-05:00,2025-12-11 09:34:00-05:00,1.0,3.0275411687622626,3.6939839218161854,0.26245906855438517,-34,105,54.15999984741211,67.36000061035156,54.17789840698242,67.33000183105469,-3.7584228515625,STOP
XLF-KRE,SHORT_SPREAD,2025-12-11 09:35:00-05:00,2025-12-11 09:36:00-05:00,1.0,3.9099257238139296,4.087350990640508,0.27919707872649707,-36,104,54.220001220703125,67.36900329589844,54.28049850463867,67.4800033569336,9.366104125976562,STOP
XLF-KRE,SHORT_SPREAD,2025-12-11 09:37:00-05:00,2025-12-11 09:38:00-05:00,1.0,4.072682738520703,4.085350192608017,0.3014346840853832,-38,102,54.33000183105469,67.52999877929688,54.38999938964844,67.55500030517578,0.2702484130859375,STOP
XLF-KRE,SHORT_SPREAD,2025-12-11 09:47:00-05:00,2025-12-11 10:22:00-05:00,35.0,2.54719463994955,,0.5235352777610429,-56,87,54.46500015258789,67.66500091552734,54.42499923706055,67.16500091552734,-41.25994873046875,TIME
XLF-KRE,SHORT_SPREAD,2025-12-11 11:51:00-05:00,2025-12-11 12:06:00-05:00,15.0,2.3654609472352575,0.5040189357740607,0.36490853150654085,-43,97,54.724998474121094,67.73999786376953,54.69499969482422,67.72000122070312,-0.6497268676757812,TP
XLF-KRE,SHORT_SPREAD,2025-12-11 15:01:00-05:00,2025-12-11 15:36:00-05:00,35.0,2.7785899035666755,,0.5287303722576107,-56,86,54.974998474121094,67.7249984741211,54.8849983215332,67.6050033569336,-5.279571533203125,TIME
XLF-KRE,SHORT_SPREAD,2025-12-15 09:37:00-05:00,2025-12-15 09:55:00-05:00,18.0,2.314349003436689,0.17160038015498294,0.3371709495886019,-41,99,55.22999954223633,67.6500015258789,55.185001373291016,67.54000091552734,-9.045135498046875,TP
XLF-KRE,SHORT_SPREAD,2025-12-15 10:28:00-05:00,2025-12-15 11:03:00-05:00,35.0,2.4428223047916324,,0.49744922339339326,-54,89,55.1349983215332,67.25,55.0806999206543,67.26499938964844,4.267059326171875,TIME
XLF-KRE,LONG_SPREAD,2025-12-15 11:46:00-05:00,2025-12-15 12:01:00-05:00,15.0,-2.339060976361947,-0.5843765442162236,0.6251501618171464,63,-82,54.93000030517578,67.1500015258789,54.94499969482422,67.08499908447266,6.2751617431640625,TP
XLF-KRE,SHORT_SPREAD,2025-12-15 14:41:00-05:00,2025-12-15 14:58:00-05:00,17.0,2.3365141555588296,-0.5196131858844975,0.6148344497164162,-62,82,55.005001068115234,67.23999786376953,55.07500076293945,67.36000061035156,5.500244140625,TP
XLF-KRE,SHORT_SPREAD,2025-12-15 15:08:00-05:00,2025-12-15 15:13:00-05:00,5.0,2.344296305572183,0.26589283248659745,0.8348279237499545,-74,72,55.05500030517578,67.29499816894531,55.02000045776367,67.24500274658203,-1.0096817016601562,TP
XLF-KRE,SHORT_SPREAD,2025-12-15 15:16:00-05:00,2025-12-15 15:20:00-05:00,4.0,2.584899878061668,0.19711894352632928,0.8352889398985134,-74,72,55.02000045776367,67.2300033569336,54.98500061035156,67.22000122070312,1.8698348999023438,TP
XLF-KRE,LONG_SPREAD,2025-12-15 15:38:00-05:00,2025-12-16 09:30:00-05:00,23.0,-2.6921339982266037,,0.7761950493035862,71,-75,54.9901008605957,67.25499725341797,55.025001525878906,67.33499908447266,-3.5221900939941406,OVERNIGHT_FLAT
XLF-KRE,LONG_SPREAD,2025-12-16 13:27:00-05:00,2025-12-16 13:30:00-05:00,3.0,-2.658639511763452,-3.7067746756004665,1.0080077981181048,82,-66,54.564998626708984,66.92500305175781,54.6150016784668,67.04000091552734,-3.4896087646484375,STOP
XLF-KRE,LONG_SPREAD,2025-12-16 13:31:00-05:00,2025-12-16 14:06:00-05:00,35.0,-3.471581053322211,,0.9516251114282318,80,-68,54.61370086669922,67.06999969482422,54.57500076293945,66.8499984741211,11.86407470703125,TIME
KBE-KRE,SHORT_SPREAD,2025-12-10 11:29:00-05:00,2025-12-10 11:32:00-05:00,3.0,2.600249290894135,0.4443787041682979,0.8074422917643773,-65,75,61.25,65.74500274658203,61.22999954223633,65.73500061035156,0.5498695373535156,TP
KBE-KRE,SHORT_SPREAD,2025-12-10 12:08:00-05:00,2025-12-10 12:11:00-05:00,3.0,2.5521507720740395,-0.09224320974527886,0.8108097268898135,-65,75,61.150001525878906,65.62000274658203,61.13999938964844,65.6500015258789,2.9000473022460938,TP
KBE-KRE,LONG_SPREAD,2025-12-10 13:18:00-05:00,2025-12-10 13:19:00-05:00,1.0,-2.3346493949046585,0.18876824436211612,0.9195399740493386,70,-71,61.334999084472656,65.83999633789062,61.34000015258789,65.8550033569336,-0.715423583984375,TP
KBE-KRE,SHORT_SPREAD,2025-12-10 13:24:00-05:00,2025-12-10 13:25:00-05:00,1.0,2.867339018275009,3.6533889024567476,0.9314355351680935,-70,70,61.290000915527344,65.73999786376953,61.23500061035156,65.7300033569336,3.1504058837890625,STOP
KBE-KRE,SHORT_SPREAD,2025-12-10 13:47:00-05:00,2025-12-10 13:50:00-05:00,3.0,3.277179756995198,0.2713039198649102,0.927663437645418,-70,71,61.060001373291016,65.52999877929688,61.119998931884766,65.5999984741211,0.7701492309570312,TP
KBE-KRE,SHORT_SPREAD,2025-12-10 14:39:00-05:00,2025-12-10 14:43:00-05:00,4.0,2.350137349863818,0.20758660563213716,0.8531420610966606,-66,72,62.06999969482422,66.65499877929688,61.79999923706055,66.4000015258789,-0.5397720336914062,TP
KBE-KRE,SHORT_SPREAD,2025-12-10 14:58:00-05:00,2025-12-10 15:04:00-05:00,6.0,2.7162726915310067,0.45701768928717795,0.870963660440705,-67,71,62.24720001220703,66.86000061035156,62.32500076293945,66.94999694824219,1.1770896911621094,TP
KBE-KRE,SHORT_SPREAD,2025-12-11 09:32:00-05:00,2025-12-11 09:37:00-05:00,5.0,3.3174845517543963,3.8085382080170738,0.8486341056196919,-66,72,62.56999969482422,67.23999786376953,62.875,67.52999877929688,0.7500457763671875,STOP
KBE-KRE,SHORT_SPREAD,2025-12-11 09:38:00-05:00,2025-12-11 09:46:00-05:00,8.0,3.28492459533439,0.4671013152285253,0.8633384136672542,-66,71,62.904998779296875,67.55500030517578,63.040000915527344,67.76000213623047,5.644989013671875,TP
KBE-KRE,SHORT_SPREAD,2025-12-11 10:16:00-05:00,2025-12-11 10:27:00-05:00,11.0,3.2148066496322034,-0.10781458310829752,0.9375578901503429,-69,69,62.599998474121094,67.24500274658203,62.650001525878906,67.32499694824219,2.0693893432617188,TP
KBE-KRE,LONG_SPREAD,2025-12-11 12:27:00-05:00,2025-12-11 12:29:00-05:00,2.0,-2.4223134948629768,-0.470056280198803,0.7853254841560325,62,-74,62.915000915527344,67.65499877929688,62.939998626708984,67.66999816894531,0.43990325927734375,TP
KBE-KRE,SHORT_SPREAD,2025-12-11 14:03:00-05:00,2025-12-11 14:13:00-05:00,10.0,2.314407431502541,0.07921559269443504,0.6357313257296854,-55,81,62.915000915527344,67.5999984741211,62.86000061035156,67.54000091552734,-1.8347854614257812,TP
KBE-KRE,SHORT_SPREAD,2025-12-11 14:28:00-05:00,2025-12-11 14:33:00-05:00,5.0,3.0154706522337444,-0.17367970755421122,0.7516466639096401,-61,75,62.93000030517578,67.61499786376953,62.939998626708984,67.62999725341797,0.5150566101074219,TP
KBE-KRE,LONG_SPREAD,2025-12-11 15:31:00-05:00,2025-12-11 15:32:00-05:00,1.0,-3.6057290477249024,0.3461226491424178,0.862948986314853,66,-71,62.89500045776367,67.57499694824219,62.900001525878906,67.5999984741211,-1.445037841796875,TP
KBE-KRE,LONG_SPREAD,2025-12-11 15:47:00-05:00,2025-12-11 15:54:00-05:00,7.0,-3.37551410361628,0.07016575686660009,0.857792875437149,66,-71,62.935001373291016,67.63500213623047,62.86000061035156,67.51499938964844,3.5701446533203125,TP
KBE-KRE,SHORT_SPREAD,2025-12-12 09:31:00-05:00,2025-12-12 09:32:00-05:00,1.0,5.599230996814809,3.6242060432631296,0.8137341531606791,-64,73,62.935001373291016,67.56999969482422,62.869998931884766,67.5,-0.9498214721679688,STOP
KBE-KRE,SHORT_SPREAD,2025-12-12 09:33:00-05:00,2025-12-12 09:36:00-05:00,3.0,2.7453845097963927,-0.09771126496102307,0.8047769305965388,-63,74,62.7599983215332,67.3499984741211,62.68000030517578,67.27249908447266,-0.6950798034667969,TP
KBE-KRE,LONG_SPREAD,2025-12-12 09:56:00-05:00,2025-12-12 09:57:00-05:00,1.0,-2.383747787530491,-0.30487867281643544,0.7761874023264393,62,-75,62.82500076293945,67.48999786376953,62.709999084472656,67.34500122070312,3.7446441650390625,TP
KBE-KRE,LONG_SPREAD,2025-12-12 10:03:00-05:00,2025-12-12 10:05:00-05:00,2.0,-3.0962961922425674,-0.1585822922880356,0.7788894014498855,62,-75,62.73500061035156,67.38500213623047,62.724998474121094,67.36499786376953,0.88018798828125,TP
KBE-KRE,LONG_SPREAD,2025-12-12 10:22:00-05:00,2025-12-12 10:36:00-05:00,14.0,-2.3282827450282104,-0.40034391948322573,0.7841987056843809,63,-74,62.70000076293945,67.37999725341797,62.810001373291016,67.5,-1.950164794921875,TP
KBE-KRE,SHORT_SPREAD,2025-12-12 12:09:00-05:00,2025-12-12 12:13:00-05:00,4.0,2.671180751660779,0.17982428237122347,0.7730749657693685,-62,75,62.5099983215332,67.05500030517578,62.38999938964844,66.91000366210938,-3.434814453125,TP
KBE-KRE,SHORT_SPREAD,2025-12-12 12:18:00-05:00,2025-12-12 12:27:00-05:00,9.0,2.329704673569083,-0.483966956307017,0.7387938891471588,-61,77,62.470001220703125,67.00499725341797,62.310001373291016,66.83499908447266,-3.3298683166503906,TP
KBE-KRE,LONG_SPREAD,2025-12-12 13:15:00-05:00,2025-12-12 13:17:00-05:00,2.0,-2.3340069102615586,-0.06882576334570559,0.7921456354566051,63,-74,62.39500045776367,66.96499633789062,62.44499969482422,67.0,0.5596809387207031,TP
KBE-KRE,LONG_SPREAD,2025-12-12 14:41:00-05:00,2025-12-12 14:43:00-05:00,2.0,-2.7348871818907767,-0.5911787460831277,0.8345247856163801,65,-73,62.279998779296875,66.83000183105469,62.25,66.80500030517578,-0.12480926513671875,TP
KBE-KRE,SHORT_SPREAD,2025-12-12 15:53:00-05:00,2025-12-12 15:56:00-05:00,3.0,2.9809604753811088,0.42992575744637307,0.7647491313268733,-62,76,62.48870086669922,67.07499694824219,62.45000076293945,67.04499816894531,0.11949920654296875,TP
KBE-KRE,SHORT_SPREAD,2025-12-15 09:31:00-05:00,2025-12-15 09:33:00-05:00,2.0,3.4356829604426227,3.5463811890874606,0.8391046963174261,-65,72,63.150001525878906,67.81999969482422,63.060001373291016,67.65499877929688,-6.030055999755859,STOP
KBE-KRE,SHORT_SPREAD,2025-12-15 09:34:00-05:00,2025-12-15 09:36:00-05:00,2.0,4.329972934160531,0.20855475881899416,0.8847220335222205,-67,70,63.040000915527344,67.68000030517578,62.959999084472656,67.56500244140625,-2.689727783203125,TP
KBE-KRE,SHORT_SPREAD,2025-12-15 09:37:00-05:00,2025-12-15 09:38:00-05:00,1.0,2.3383014351458735,-0.1813277343026363,0.8925956633454044,-67,70,63.0,67.6500015258789,63.040000915527344,67.69999694824219,0.8196182250976562,TP
KBE-KRE,SHORT_SPREAD,2025-12-15 09:41:00-05:00,2025-12-15 09:50:00-05:00,9.0,3.2652898162992448,-0.4802944550539884,0.8997258763711845,-67,69,63.060001373291016,67.68499755859375,62.93000030517578,67.54000091552734,-1.2946968078613281,TP
KBE-KRE,SHORT_SPREAD,2025-12-15 10:29:00-05:00,2025-12-15 10:30:00-05:00,1.0,2.3700760346599563,0.36727725705637837,0.9256870364744106,-68,69,62.709999084472656,67.30500030517578,62.68000030517578,67.2699966430664,-0.375335693359375,TP
KBE-KRE,LONG_SPREAD,2025-12-15 10:50:00-05:00,2025-12-15 10:51:00-05:00,1.0,-2.5510018176702074,-0.26858947637596253,0.9313113496211237,69,-69,62.849998474121094,67.47000122070312,62.849998474121094,67.4749984741211,-0.34481048583984375,TP
KBE-KRE,LONG_SPREAD,2025-12-15 12:54:00-05:00,2025-12-15 12:56:00-05:00,2.0,-2.516418818530162,-0.057654748128656286,0.7951805082154935,63,-74,62.42499923706055,66.98999786376953,62.404998779296875,66.99500274658203,-1.6303901672363281,TP
KBE-KRE,SHORT_SPREAD,2025-12-15 13:06:00-05:00,2025-12-15 13:08:00-05:00,2.0,2.376971289337247,0.4939682023515779,0.7830241485326134,-63,75,62.55500030517578,67.15499877929688,62.56999969482422,67.15499877929688,-0.9449615478515625,TP
KBE-KRE,LONG_SPREAD,2025-12-15 13:41:00-05:00,2025-12-15 13:43:00-05:00,2.0,-2.4708602085456213,-0.5522702611050277,0.8439411135300985,65,-72,62.529998779296875,67.11499786376953,62.53499984741211,67.14739990234375,-2.0078773498535156,TP
KBE-KRE,SHORT_SPREAD,2025-12-15 14:45:00-05:00,2025-12-15 14:52:00-05:00,7.0,3.095259000916341,0.31784448099773416,1.0077018167182261,-72,66,62.630001068115234,67.19499969482422,62.685001373291016,67.26000213623047,0.33013916015625,TP
KBE-KRE,SHORT_SPREAD,2025-12-15 15:08:00-05:00,2025-12-15 15:25:00-05:00,17.0,2.546634824793538,0.4905028478277034,1.0801750112764033,-74,64,62.73500061035156,67.29499816894531,62.665000915527344,67.21499633789062,0.0598602294921875,TP
KBE-KRE,SHORT_SPREAD,2025-12-16 09:35:00-05:00,2025-12-16 09:36:00-05:00,1.0,3.4398508255365328,0.5440950676868767,0.8308652437618808,-65,72,62.790000915527344,67.375,62.7599983215332,67.375,1.9501686096191406,TP
KBE-KRE,LONG_SPREAD,2025-12-16 10:22:00-05:00,2025-12-16 10:23:00-05:00,1.0,-2.358658273406045,-3.540933058201105,0.8103663697234939,64,-74,62.529998779296875,67.1500015258789,62.54999923706055,67.13999938964844,2.0201873779296875,STOP
KBE-KRE,LONG_SPREAD,2025-12-16 11:07:00-05:00,2025-12-16 11:08:00-05:00,1.0,-2.5230221449644046,0.05391341504552891,0.8692120976000797,67,-71,62.400001525878906,66.94999694824219,62.38999938964844,66.94000244140625,0.03946685791015625,TP
KBE-KRE,SHORT_SPREAD,2025-12-16 12:00:00-05:00,2025-12-16 12:02:00-05:00,2.0,3.5004547618991015,0.4943049650702214,0.9717186196629309,-71,68,62.29499816894531,66.83000183105469,62.345001220703125,66.93499755859375,3.5894927978515625,TP
KBE-KRE,LONG_SPREAD,2025-12-16 12:34:00-05:00,2025-12-16 12:37:00-05:00,3.0,-3.3547790308508936,-0.11373314055455423,0.8708129136656544,67,-71,62.400001525878906,66.99500274658203,62.3849983215332,66.96499633789062,1.1252403259277344,TP
KBE-KRE,LONG_SPREAD,2025-12-16 12:52:00-05:00,2025-12-16 13:00:00-05:00,8.0,-2.9648168032479125,-0.21179200012266236,0.811373560778283,64,-74,62.310001373291016,66.91000366210938,62.189998626708984,66.76000213623047,3.4199371337890625,TP
KBE-KRE,LONG_SPREAD,2025-12-16 13:28:00-05:00,2025-12-16 13:40:00-05:00,12.0,-2.6535836335662912,-0.028343934836224407,0.9664287574478224,70,-68,62.31999969482422,66.91999816894531,62.4900016784668,67.1050033569336,-0.6802139282226562,TP
KBE-KRE,SHORT_SPREAD,2025-12-16 14:56:00-05:00,2025-12-16 14:58:00-05:00,2.0,3.0938822635402468,0.5272816921781508,0.8621354835962382,-66,72,62.34000015258789,66.9000015258789,62.36000061035156,66.94000244140625,1.5600357055664062,TP
KBE-KRE,LONG_SPREAD,2025-12-16 15:41:00-05:00,2025-12-16 15:51:00-05:00,10.0,-2.3819908916444614,-0.048249792417816996,0.8635593553428338,66,-71,62.4900016784668,67.125,62.6150016784668,67.26499938964844,-1.6899566650390625,TP
XLK-QQQ,SHORT_SPREAD,2025-12-10 11:28:00-05:00,2025-12-10 11:55:00-05:00,27.0,3.2149935177329216,0.5399416223786924,0.26089926354092574,-12,11,147.61000061035156,623.719970703125,147.65390014648438,623.8599853515625,1.01336669921875,TP
XLK-QQQ,SHORT_SPREAD,2025-12-10 13:48:00-05:00,2025-12-10 13:59:00-05:00,11.0,2.977553429252148,3.536162833997214,0.2481859448323714,-12,11,147.64500427246094,623.3800048828125,147.61000061035156,623.1300048828125,-2.3299560546875,STOP
XLK-QQQ,SHORT_SPREAD,2025-12-10 14:00:00-05:00,2025-12-10 14:01:00-05:00,1.0,2.39147740083339,5.45495779615762,0.22679777508957197,-11,11,148.14999389648438,624.9600219726562,147.9499969482422,624.47998046875,-3.0804901123046875,STOP
XLK-QQQ,SHORT_SPREAD,2025-12-10 14:02:00-05:00,2025-12-10 14:17:00-05:00,15.0,2.4036223121439235,0.5584103407577807,0.24218347426721,-11,11,147.75,623.8099975585938,148.26010131835938,625.510009765625,13.089019775390625,TP
XLK-QQQ,LONG_SPREAD,2025-12-10 14:39:00-05:00,2025-12-10 14:43:00-05:00,4.0,-2.327467991333268,-0.35860318612034997,0.296584595975276,13,-11,148.3074951171875,625.9500122070312,147.82000732421875,623.8400268554688,16.87249755859375,TP
XLK-QQQ,LONG_SPREAD,2025-12-10 15:15:00-05:00,2025-12-10 15:24:00-05:00,9.0,-2.976222140867792,-0.21898930853188656,0.2776350162891199,13,-11,149.02999877929688,628.5999755859375,149.02000427246094,628.3800048828125,2.2897491455078125,TP
XLK-QQQ,LONG_SPREAD,2025-12-10 15:44:00-05:00,2025-12-10 16:00:00-05:00,16.0,-2.3595506732276075,-0.21473681110602214,0.2608868681857811,12,-11,148.9423065185547,628.489990234375,148.75999450683594,627.5399780273438,8.26239013671875,TP
XLK-QQQ,LONG_SPREAD,2025-12-11 09:31:00-05:00,2025-12-11 09:32:00-05:00,1.0,-7.450054481130476,-5.582784418009911,0.27594286932338297,13,-11,146.6999969482422,622.9149780273438,146.69000244140625,622.9000244140625,0.0345611572265625,STOP
XLK-QQQ,LONG_SPREAD,2025-12-11 09:33:00-05:00,2025-12-11 09:34:00-05:00,1.0,-4.395318982877638,-3.7046655112747504,0.3078588599042147,14,-11,146.49000549316406,622.344970703125,146.4199981689453,622.1600952148438,1.05352783203125,STOP
XLK-QQQ,LONG_SPREAD,2025-12-11 09:35:00-05:00,2025-12-11 09:42:00-05:00,7.0,-3.149050518134069,-0.4016616432515495,0.33212782771559474,15,-10,146.6300048828125,622.969970703125,146.75999450683594,622.780029296875,3.8492584228515625,TP
XLK-QQQ,SHORT_SPREAD,2025-12-11 09:51:00-05:00,2025-12-11 10:01:00-05:00,10.0,2.6405120597504728,0.4822345585613185,0.39018492860825504,-17,10,145.9499969482422,619.9450073242188,145.26699829101562,618.2999877929688,-4.8392181396484375,TP
XLK-QQQ,SHORT_SPREAD,2025-12-11 11:05:00-05:00,2025-12-11 11:30:00-05:00,25.0,2.369118167096397,0.5602189336745408,0.2771746006433231,-13,11,146.3300018310547,620.8900146484375,146.0399932861328,620.0499877929688,-5.470184326171875,TP
XLK-QQQ,SHORT_SPREAD,2025-12-11 11:44:00-05:00,2025-12-11 11:54:00-05:00,10.0,2.3062629026715267,0.5529844903398214,0.22158022241673822,-11,11,146.60000610351562,621.9199829101562,146.1300048828125,620.1799926757812,-13.969879150390625,TP
XLK-QQQ,SHORT_SPREAD,2025-12-11 12:17:00-05:00,2025-12-11 12:26:00-05:00,9.0,2.3031607598614188,0.4868106600127556,0.298351683966085,-14,11,146.75,622.2100219726562,147.0800018310547,623.3400268554688,7.810028076171875,TP
XLK-QQQ,SHORT_SPREAD,2025-12-11 13:23:00-05:00,2025-12-11 13:25:00-05:00,2.0,2.513182662702094,4.231777351969529,0.31591076861379425,-14,10,147.27999877929688,623.3800048828125,147.4600067138672,623.4500122070312,-1.820037841796875,STOP
XLK-QQQ,SHORT_SPREAD,2025-12-11 13:26:00-05:00,2025-12-11 13:27:00-05:00,1.0,5.277911120106594,4.919819693840652,0.3211072339670388,-14,10,147.35499572753906,623.0341186523438,147.4600067138672,623.47998046875,2.98846435546875,STOP
XLK-QQQ,SHORT_SPREAD,2025-12-11 13:28:00-05:00,2025-12-11 13:44:00-05:00,16.0,3.8804446223132096,0.4241426119600836,0.32903675984381986,-15,10,147.32000732421875,623.1500244140625,147.67999267578125,624.6975708007812,10.07568359375,TP
XLK-QQQ,LONG_SPREAD,2025-12-11 15:33:00-05:00,2025-12-11 15:36:00-05:00,3.0,-2.398852504518591,0.04047639519181556,0.3177043000948051,14,-10,147.77999877929688,624.6599731445312,147.7100067138672,624.3599853515625,2.019989013671875,TP
XLK-QQQ,LONG_SPREAD,2025-12-11 15:51:00-05:00,2025-12-11 15:52:00-05:00,1.0,-4.249319030195279,-4.724299192189121,0.32878935499322454,15,-10,147.99000549316406,625.5599975585938,147.9499969482422,625.530029296875,-0.300445556640625,STOP
XLK-QQQ,LONG_SPREAD,2025-12-11 15:53:00-05:00,2025-12-11 15:56:00-05:00,3.0,-5.058922611935467,-3.9401210217728124,0.3178722320551685,14,-10,147.89500427246094,625.25,147.77000427246094,624.8800048828125,1.949951171875,STOP
XLK-QQQ,LONG_SPREAD,2025-12-11 15:57:00-05:00,2025-12-12 09:30:00-05:00,4.0,-2.9138950822038154,,0.3197216569164306,14,-10,147.84500122070312,625.1400146484375,146.72500610351562,621.8400268554688,17.3199462890625,OVERNIGHT_FLAT
XLK-QQQ,LONG_SPREAD,2025-12-12 09:31:00-05:00,2025-12-12 09:44:00-05:00,13.0,-2.5384969833538205,-0.41509139509443155,0.3369885243084032,15,-10,146.80999755859375,622.3101196289062,146.6300048828125,621.9199829101562,1.20147705078125,TP
XLK-QQQ,SHORT_SPREAD,2025-12-12 10:14:00-05:00,2025-12-12 10:38:00-05:00,24.0,2.580700500959872,0.5117816187752051,0.3985486877965718,-17,10,145.77000427246094,619.1400146484375,145.1699981689453,617.2310791015625,-8.889251708984375,TP
XLK-QQQ,LONG_SPREAD,2025-12-12 13:29:00-05:00,2025-12-12 14:04:00-05:00,35.0,-2.3337998115665175,,0.30332653702962353,14,-11,144.91000366210938,616.739990234375,144.31500244140625,615.239990234375,8.16998291015625,TIME
XLK-QQQ,LONG_SPREAD,2025-12-12 14:05:00-05:00,2025-12-12 14:26:00-05:00,21.0,-2.507566519347633,-0.4292974745450156,0.30502750900267195,14,-11,144.32000732421875,615.219970703125,143.77999877929688,613.8251953125,7.78240966796875,TP
XLK-QQQ,LONG_SPREAD,2025-12-12 14:55:00-05:00,2025-12-12 14:57:00-05:00,2.0,-2.7447395625170365,0.362617379959451,0.3994405042078882,17,-10,143.94000244140625,614.5,143.89999389648438,613.989990234375,4.419952392578125,TP
XLK-QQQ,SHORT_SPREAD,2025-12-12 15:02:00-05:00,2025-12-12 15:10:00-05:00,8.0,3.3192670911957207,0.5327500955739147,0.3922745028236813,-17,10,143.97999572753906,614.0700073242188,144.05999755859375,614.5999755859375,3.9396514892578125,TP
XLK-QQQ,SHORT_SPREAD,2025-12-12 15:32:00-05:00,2025-12-12 15:41:00-05:00,9.0,2.362213456521469,0.057743988842096645,0.36241690479924565,-16,10,143.5399932861328,612.8300170898438,143.5,612.8200073242188,0.539794921875,TP
XLK-QQQ,LONG_SPREAD,2025-12-15 09:31:00-05:00,2025-12-15 09:40:00-05:00,9.0,-5.640571029002386,-4.107947690067358,0.2586352794222632,12,-11,144.5,617.7301025390625,143.81500244140625,616.1300048828125,9.381103515625,STOP
XLK-QQQ,LONG_SPREAD,2025-12-15 09:41:00-05:00,2025-12-15 09:42:00-05:00,1.0,-4.117275656722876,-3.7061103062065355,0.19303447568742257,10,-12,143.8300018310547,616.260009765625,143.6999969482422,615.7849731445312,4.400390625,STOP
XLK-QQQ,SHORT_SPREAD,2025-12-15 11:35:00-05:00,2025-12-15 12:10:00-05:00,35.0,2.8841180244879276,,0.29863235605645516,-14,11,143.13499450683594,612.8599853515625,143.1199951171875,612.4600219726562,-4.189605712890625,TIME
XLK-QQQ,LONG_SPREAD,2025-12-15 14:18:00-05:00,2025-12-15 14:53:00-05:00,35.0,-2.3179002480740545,,0.20607733589856048,10,-12,142.7449951171875,611.760009765625,142.5449981689453,611.4299926757812,1.960235595703125,TIME
XLK-QQQ,SHORT_SPREAD,2025-12-16 09:31:00-05:00,2025-12-16 09:32:00-05:00,1.0,4.881422585522515,4.52732145271789,0.27990306968772305,-13,11,142.4199981689453,610.1799926757812,142.18260192871094,609.3200073242188,-6.373687744140625,STOP
XLK-QQQ,SHORT_SPREAD,2025-12-16 09:33:00-05:00,2025-12-16 09:41:00-05:00,8.0,3.313347646824062,0.23234243337177837,0.2503121423552623,-12,11,142.27000427246094,609.780029296875,141.9499969482422,608.7449951171875,-7.5452880859375,TP
XLK-QQQ,SHORT_SPREAD,2025-12-16 09:51:00-05:00,2025-12-16 09:55:00-05:00,4.0,2.4820891010663635,0.4825857975619496,0.22505977609664732,-11,12,142.69000244140625,611.4287109375,142.6300048828125,611.47998046875,1.27520751953125,TP
XLK-QQQ,LONG_SPREAD,2025-12-16 10:42:00-05:00,2025-12-16 11:16:00-05:00,34.0,-2.437741976382073,-0.32613595159963604,0.28429585955244485,14,-11,141.4499969482422,607.9099731445312,141.66000366210938,608.3800048828125,-2.230255126953125,TP
XLK-QQQ,SHORT_SPREAD,2025-12-16 12:48:00-05:00,2025-12-16 13:09:00-05:00,21.0,2.4739750216284477,-0.17542025960957605,0.2624578221737795,-13,11,141.8350067138672,608.6900024414062,141.6298065185547,607.8400268554688,-6.68212890625,TP
XLK-QQQ,SHORT_SPREAD,2025-12-16 13:34:00-05:00,2025-12-16 13:36:00-05:00,2.0,2.3352278381909906,4.039645663936511,0.22765833001950056,-11,12,141.94000244140625,608.8200073242188,142.10000610351562,609.3759765625,4.911590576171875,STOP
XLK-QQQ,SHORT_SPREAD,2025-12-16 13:37:00-05:00,2025-12-16 13:57:00-05:00,20.0,3.5427777215341107,0.15272471921550076,0.2261113594335869,-11,12,142.10000610351562,609.3699951171875,142.30999755859375,610.3300170898438,9.210357666015625,TP
XLK-QQQ,LONG_SPREAD,2025-12-16 14:35:00-05:00,2025-12-16 14:44:00-05:00,9.0,-2.5346263982700696,-3.6815813759714233,0.2763657809848769,13,-11,142.30499267578125,610.4199829101562,142.22999572753906,610.4099731445312,-0.8648529052734375,STOP
XLK-QQQ,LONG_SPREAD,2025-12-16 14:45:00-05:00,2025-12-16 15:03:00-05:00,18.0,-3.7221099891575715,-0.5077160970427781,0.2658983577433915,13,-11,142.25999450683594,610.52001953125,142.41000366210938,610.97412109375,-3.0449981689453125,TP
SMH-SOXX,SHORT_SPREAD,2025-12-10 11:14:00-05:00,2025-12-10 11:35:00-05:00,21.0,2.3684384212710388,0.4761138887963783,1.2855474752394167,-13,12,368.2749938964844,311.67999267578125,368.7300109863281,312.0199890136719,-1.83526611328125,TP
SMH-SOXX,SHORT_SPREAD,2025-12-10 12:21:00-05:00,2025-12-10 12:56:00-05:00,35.0,2.492880862628437,,1.4519992236695944,-14,11,368.760009765625,311.8599853515625,369.7099914550781,312.3399963378906,-8.019622802734375,TIME
SMH-SOXX,SHORT_SPREAD,2025-12-10 13:49:00-05:00,2025-12-10 13:50:00-05:00,1.0,2.5721756421229527,-0.3526827011402746,1.5111310167350187,-14,11,370.3999938964844,312.8900146484375,370.2900085449219,312.8299865722656,0.879486083984375,TP
SMH-SOXX,SHORT_SPREAD,2025-12-10 13:53:00-05:00,2025-12-10 13:56:00-05:00,3.0,2.4364078170425194,3.450777796235642,1.4819990560687442,-14,11,369.9750061035156,312.4800109863281,369.92498779296875,312.37249755859375,-0.482391357421875,STOP
SMH-SOXX,SHORT_SPREAD,2025-12-10 13:57:00-05:00,2025-12-10 13:58:00-05:00,1.0,3.175289864202874,4.6750452104639715,1.45283824738406,-14,11,369.9949951171875,312.29998779296875,370.239990234375,312.6000061035156,-0.129730224609375,STOP
SMH-SOXX,SHORT_SPREAD,2025-12-10 13:59:00-05:00,2025-12-10 14:04:00-05:00,5.0,2.4686089656304713,-0.09517440096855322,1.4423350650055549,-14,11,370.1000061035156,312.5400085449219,370.625,313.0350036621094,-1.90496826171875,TP
SMH-SOXX,SHORT_SPREAD,2025-12-10 14:23:00-05:00,2025-12-10 14:34:00-05:00,11.0,2.729993732319224,0.3916532894829129,1.1435021644022034,-12,13,371.4100036621094,313.6600036621094,372.81988525390625,314.92498779296875,-0.473785400390625,TP
SMH-SOXX,SHORT_SPREAD,2025-12-10 14:39:00-05:00,2025-12-10 14:40:00-05:00,1.0,2.2772209971919906,0.3427165453228423,1.1715453541274556,-13,13,372.1700134277344,314.3800048828125,371.0400085449219,313.2149963378906,-0.455047607421875,TP
SMH-SOXX,SHORT_SPREAD,2025-12-10 14:42:00-05:00,2025-12-10 14:52:00-05:00,10.0,2.2537961476483095,0.1017582155879886,1.1711003172703154,-13,13,370.8500061035156,313.0,373.2799987792969,315.19000244140625,-3.119873046875,TP
SMH-SOXX,LONG_SPREAD,2025-12-11 09:31:00-05:00,2025-12-11 09:32:00-05:00,1.0,-5.521504116987542,-3.47172847927858,1.098064324241487,12,-13,368.07000732421875,311.2732849121094,367.6900939941406,311.0,-1.006256103515625,STOP
SMH-SOXX,LONG_SPREAD,2025-12-11 09:33:00-05:00,2025-12-11 09:34:00-05:00,1.0,-3.129524768961604,-3.5204694272370984,1.1377980393839595,13,-13,366.95941162109375,310.6000061035156,366.42999267578125,310.25,-2.332366943359375,STOP
SMH-SOXX,LONG_SPREAD,2025-12-11 09:35:00-05:00,2025-12-11 09:36:00-05:00,1.0,-3.2698532646783836,-3.3084699812829372,1.1796973841384564,13,-13,367.3699951171875,311.17999267578125,367.0199890136719,310.8599853515625,-0.389984130859375,STOP
SMH-SOXX,LONG_SPREAD,2025-12-11 09:37:00-05:00,2025-12-11 09:49:00-05:00,12.0,-2.728197304524728,0.24027378744095854,1.2114148543253904,13,-13,366.92010498046875,310.8999938964844,364.6199951171875,308.82501220703125,-2.926666259765625,TP
SMH-SOXX,SHORT_SPREAD,2025-12-11 09:54:00-05:00,2025-12-11 10:10:00-05:00,16.0,2.305926332175911,0.17186028196027434,1.3054540614024186,-14,12,363.3699951171875,307.489990234375,365.1700134277344,309.0050048828125,-7.02008056640625,TP
SMH-SOXX,LONG_SPREAD,2025-12-11 11:40:00-05:00,2025-12-11 12:12:00-05:00,32.0,-2.222140737671357,-0.4473995642476217,1.2206254891489126,13,-13,365.4075927734375,309.4800109863281,365.32000732421875,309.510009765625,-1.528594970703125,TP
SMH-SOXX,SHORT_SPREAD,2025-12-11 13:37:00-05:00,2025-12-11 13:41:00-05:00,4.0,2.2168679984184303,0.3004281568748103,1.2505234064623143,-13,12,368.5350036621094,311.8399963378906,368.739990234375,312.1000061035156,0.455291748046875,TP
SMH-SOXX,LONG_SPREAD,2025-12-11 14:11:00-05:00,2025-12-11 14:12:00-05:00,1.0,-2.222504948331508,-0.2762747960490914,1.1778873202384477,13,-13,368.3949890136719,311.8800048828125,368.4700012207031,311.8699951171875,1.10528564453125,TP
SMH-SOXX,LONG_SPREAD,2025-12-11 15:09:00-05:00,2025-12-11 15:42:00-05:00,33.0,-2.4902541737870796,-0.30526976717769844,1.0809990802229965,12,-13,369.94000244140625,313.42498779296875,370.1199951171875,313.6600036621094,-0.895294189453125,TP
SMH-SOXX,LONG_SPREAD,2025-12-12 09:31:00-05:00,2025-12-12 09:32:00-05:00,1.0,-4.863960599397282,-3.303688625780142,0.9675708682108777,12,-14,365.5,309.6499938964844,365.1300048828125,309.42999267578125,-1.35992431640625,STOP
SMH-SOXX,LONG_SPREAD,2025-12-12 09:33:00-05:00,2025-12-12 09:36:00-05:00,3.0,-2.8098277860789267,-0.009758170457157432,1.0861653653093626,12,-13,365.69000244140625,309.9200134277344,366.7099914550781,310.8699951171875,-0.109893798828125,TP
SMH-SOXX,LONG_SPREAD,2025-12-12 09:38:00-05:00,2025-12-12 09:40:00-05:00,2.0,-2.34164901547226,-0.3812324561455273,1.1384908578842985,13,-13,367.010009765625,311.1499938964844,367.3399963378906,311.3949890136719,1.104888916015625,TP
SMH-SOXX,SHORT_SPREAD,2025-12-12 10:00:00-05:00,2025-12-12 10:06:00-05:00,6.0,2.2614892823801687,0.30026057071490175,1.1531865073320218,-13,13,364.5799865722656,308.760009765625,362.94500732421875,307.3299865722656,2.6644287109375,TP
SMH-SOXX,SHORT_SPREAD,2025-12-12 10:15:00-05:00,2025-12-12 10:50:00-05:00,35.0,2.424798878779455,,1.1230819939644983,-13,13,362.3800048828125,306.6304931640625,360.5,304.7099914550781,-0.526458740234375,TIME
SMH-SOXX,LONG_SPREAD,2025-12-12 10:59:00-05:00,2025-12-12 11:16:00-05:00,17.0,-2.2583201683389333,-0.41944025923982936,1.0279385853387777,12,-14,357.69000244140625,302.3299865722656,356.760009765625,301.489990234375,0.60003662109375,TP
SMH-SOXX,SHORT_SPREAD,2025-12-12 11:48:00-05:00,2025-12-12 11:57:00-05:00,9.0,2.5349365666002743,0.47090576927239786,1.118495936295604,-13,14,355.7395935058594,300.3399963378906,356.1600036621094,300.79998779296875,0.97454833984375,TP
SMH-SOXX,LONG_SPREAD,2025-12-12 12:18:00-05:00,2025-12-12 12:26:00-05:00,8.0,-2.3257792127181114,-0.3255846014612214,1.104108246034496,13,-14,358.6600036621094,303.3699951171875,357.1400146484375,301.8999938964844,0.820159912109375,TP
SMH-SOXX,LONG_SPREAD,2025-12-12 12:32:00-05:00,2025-12-12 12:41:00-05:00,9.0,-2.3811234037427687,-0.04687825596063477,1.0164985545460579,12,-14,356.9800109863281,301.91009521484375,357.5400085449219,302.2300109863281,2.24114990234375,TP
SMH-SOXX,SHORT_SPREAD,2025-12-12 14:18:00-05:00,2025-12-12 14:22:00-05:00,4.0,2.208382913201164,0.08898599161079064,1.0523785546387558,-12,14,355.29998779296875,300.0450134277344,355.0,299.9200134277344,1.849853515625,TP
SMH-SOXX,LONG_SPREAD,2025-12-12 15:02:00-05:00,2025-12-12 15:04:00-05:00,2.0,-3.6214232734674487,-3.323629577006568,1.0735036309737782,13,-14,355.8399963378906,300.9700012207031,355.95001220703125,301.0299987792969,0.590240478515625,STOP
SMH-SOXX,LONG_SPREAD,2025-12-12 15:05:00-05:00,2025-12-12 15:28:00-05:00,23.0,-2.2753939648108905,-0.41791715039083827,1.072778846565651,13,-14,355.9800109863281,301.0899963378906,354.25,299.2799987792969,2.849822998046875,TP
SMH-SOXX,LONG_SPREAD,2025-12-12 15:50:00-05:00,2025-12-12 15:52:00-05:00,2.0,-2.361369519588332,-3.519455872877741,1.0347054525858963,12,-14,353.8349914550781,299.1700134277344,353.68499755859375,299.1000061035156,-0.81982421875,STOP
SMH-SOXX,LONG_SPREAD,2025-12-12 15:53:00-05:00,2025-12-15 09:30:00-05:00,8.0,-3.4559876853265457,,1.0446584336705123,12,-14,353.7200012207031,299.0849914550781,357.92999267578125,302.45001220703125,3.40960693359375,OVERNIGHT_FLAT
SMH-SOXX,SHORT_SPREAD,2025-12-15 09:31:00-05:00,2025-12-15 09:39:00-05:00,8.0,2.664306428177365,3.5354611131228837,1.0761386342662371,-13,14,358.2850036621094,302.7650146484375,357.2900085449219,301.8599853515625,0.2645263671875,STOP
SMH-SOXX,SHORT_SPREAD,2025-12-15 09:47:00-05:00,2025-12-15 09:54:00-05:00,7.0,2.2586081549005623,3.441878803835281,1.1601201394195229,-13,13,357.375,301.8999938964844,356.8399963378906,300.864990234375,-6.5,STOP
SMH-SOXX,SHORT_SPREAD,2025-12-15 09:55:00-05:00,2025-12-15 10:30:00-05:00,35.0,3.1232384047193738,,1.1835620761811811,-13,13,356.42999267578125,300.67999267578125,353.5299987792969,298.2900085449219,6.630126953125,TIME
SMH-SOXX,SHORT_SPREAD,2025-12-15 11:53:00-05:00,2025-12-15 11:54:00-05:00,1.0,2.9404255113215965,0.3166556668901182,1.1113426014837802,-13,14,355.9599914550781,300.42999267578125,356.17999267578125,300.659912109375,0.358856201171875,TP
SMH-SOXX,SHORT_SPREAD,2025-12-15 11:56:00-05:00,2025-12-15 11:58:00-05:00,2.0,2.3586110818437453,0.3341547626757318,1.123160509983592,-13,14,355.5899963378906,300.05999755859375,355.7099914550781,300.239990234375,0.9599609375,TP
SMH-SOXX,SHORT_SPREAD,2025-12-15 12:10:00-05:00,2025-12-15 12:18:00-05:00,8.0,2.683564910255243,0.21060800793477477,1.1243827488061966,-13,14,355.8699951171875,300.1700134277344,355.6191101074219,300.0799865722656,2.001129150390625,TP
SMH-SOXX,LONG_SPREAD,2025-12-15 12:31:00-05:00,2025-12-15 12:33:00-05:00,2.0,-3.1088670245773744,-0.36289940595376874,1.0880882274798893,13,-14,355.69000244140625,300.32501220703125,355.4599914550781,300.1000061035156,0.159942626953125,TP
SMH-SOXX,LONG_SPREAD,2025-12-15 13:46:00-05:00,2025-12-15 13:51:00-05:00,5.0,-2.331521731708804,-3.3488471097456554,1.123371379795898,13,-14,355.04998779296875,299.8599853515625,355.0400085449219,299.95001220703125,-1.390106201171875,STOP
SMH-SOXX,LONG_SPREAD,2025-12-15 13:52:00-05:00,2025-12-15 14:01:00-05:00,9.0,-2.599292264481661,-0.422651443114674,1.101975810725628,13,-14,355.1000061035156,299.9800109863281,355.4700012207031,300.2799987792969,0.610107421875,TP
SMH-SOXX,LONG_SPREAD,2025-12-15 14:45:00-05:00,2025-12-15 14:59:00-05:00,14.0,-2.393035145894472,-0.016073469001897586,1.022932175663778,12,-14,354.0224914550781,299.05499267578125,354.6000061035156,299.5,0.7000732421875,TP
SMH-SOXX,SHORT_SPREAD,2025-12-15 15:38:00-05:00,2025-12-15 15:46:00-05:00,8.0,2.727323332745799,0.4673709821254535,1.1899385397077484,-13,13,353.55999755859375,298.5400085449219,353.239990234375,298.3100891113281,1.171142578125,TP
SMH-SOXX,SHORT_SPREAD,2025-12-15 15:51:00-05:00,2025-12-15 15:56:00-05:00,5.0,3.003985428741801,0.4613005447202423,1.148541543075627,-13,14,352.8999938964844,297.8500061035156,352.5799865722656,297.70001220703125,2.0601806640625,TP
SMH-SOXX,SHORT_SPREAD,2025-12-16 09:31:00-05:00,2025-12-16 09:32:00-05:00,1.0,2.522506010488637,6.300387046363795,1.0759017664773503,-13,14,352.8999938964844,297.3800048828125,352.1499938964844,296.95001220703125,3.7301025390625,STOP
SMH-SOXX,SHORT_SPREAD,2025-12-16 09:33:00-05:00,2025-12-16 09:36:00-05:00,3.0,2.550324149864766,0.4715354542312096,1.0319314938553092,-12,14,352.69000244140625,297.4949951171875,353.75,298.4800109863281,1.07025146484375,TP
SMH-SOXX,SHORT_SPREAD,2025-12-16 09:37:00-05:00,2025-12-16 09:41:00-05:00,4.0,2.5496014714562,0.46970272418125236,1.0087566897866196,-12,14,354.05999755859375,298.739990234375,352.2200012207031,297.1300048828125,-0.4598388671875,TP
SMH-SOXX,SHORT_SPREAD,2025-12-16 09:47:00-05:00,2025-12-16 09:48:00-05:00,1.0,2.43409857397021,3.576099400824632,0.9823780957317012,-12,15,352.8450012207031,297.3399963378906,353.0440979003906,297.68499755859375,2.785858154296875,STOP
SMH-SOXX,SHORT_SPREAD,2025-12-16 09:49:00-05:00,2025-12-16 09:51:00-05:00,2.0,2.31980953063598,4.3694291440875705,0.9720646530235387,-12,15,352.7749938964844,297.2699890136719,353.739990234375,298.3500061035156,4.62030029296875,STOP
SMH-SOXX,SHORT_SPREAD,2025-12-16 09:53:00-05:00,2025-12-16 10:10:00-05:00,17.0,3.633913841389635,0.07803005029554201,0.9573830802721678,-12,15,353.0400085449219,297.5199890136719,352.1449890136719,296.8500061035156,0.69049072265625,TP
SMH-SOXX,SHORT_SPREAD,2025-12-16 11:54:00-05:00,2025-12-16 12:08:00-05:00,14.0,2.226817091998671,0.43801354116663405,1.1132017060861725,-13,14,351.04998779296875,295.3599853515625,351.82000732421875,295.989990234375,-1.190185546875,TP
SMH-SOXX,SHORT_SPREAD,2025-12-16 12:15:00-05:00,2025-12-16 12:36:00-05:00,21.0,2.230882497353399,0.3896292115349798,1.1963521720295023,-13,13,351.8500061035156,295.9800109863281,351.2200012207031,295.3900146484375,0.520111083984375,TP
SMH-SOXX,SHORT_SPREAD,2025-12-16 12:39:00-05:00,2025-12-16 12:46:00-05:00,7.0,2.290962510315,0.44377497845747826,1.243696337153658,-14,13,350.7200012207031,294.8699951171875,350.5,294.80999755859375,2.300048828125,TP
SMH-SOXX,SHORT_SPREAD,2025-12-16 13:54:00-05:00,2025-12-16 14:11:00-05:00,17.0,2.2147557607637505,-0.23353758001121594,1.2098330573654015,-14,13,351.2200012207031,295.1400146484375,349.9949951171875,294.260009765625,5.71002197265625,TP
SMH-SOXX,LONG_SPREAD,2025-12-16 15:46:00-05:00,2025-12-16 15:48:00-05:00,2.0,-2.6062885828350373,-3.684199712113477,1.1997208524010095,13,-13,352.5799865722656,296.55999755859375,352.39691162109375,296.4200134277344,-0.5601806640625,STOP
SMH-SOXX,LONG_SPREAD,2025-12-16 15:49:00-05:00,2025-12-16 15:57:00-05:00,8.0,-2.6654945530871696,-0.4252688948181501,1.1841167511434008,13,-13,352.42999267578125,296.4800109863281,352.423095703125,296.4200134277344,0.6903076171875,TP
NVDA-AMD,SHORT_SPREAD,2025-12-10 15:00:00-05:00,2025-12-10 15:09:00-05:00,9.0,3.620046517243771,0.32044033238632186,0.4346321749052734,-14,28,184.20050048828125,221.75999450683594,184.1999969482422,222.30999755859375,15.407135009765625,TP
NVDA-AMD,SHORT_SPREAD,2025-12-11 10:03:00-05:00,2025-12-11 10:09:00-05:00,6.0,2.8573983953339392,0.4259588616661919,0.650998616522468,-19,25,177.63999938964844,211.6199951171875,177.9409942626953,212.75,22.531219482421875,TP
NVDA-AMD,LONG_SPREAD,2025-12-11 11:44:00-05:00,2025-12-11 11:52:00-05:00,8.0,-2.825586190045439,-0.6191279508549578,0.5575649791544944,18,-26,177.61000061035156,215.02000427246094,177.86000061035156,214.8957061767578,7.73175048828125,TP
NVDA-AMD,LONG_SPREAD,2025-12-11 13:29:00-05:00,2025-12-11 13:36:00-05:00,7.0,-2.664074324564916,0.023703681545481792,0.550726838155383,17,-26,179.30499267578125,217.42999267578125,179.76820373535156,218.1750030517578,-11.495681762695312,TP
NVDA-AMD,LONG_SPREAD,2025-12-11 14:03:00-05:00,2025-12-11 14:16:00-05:00,13.0,-2.6998557209062097,-0.6462902302721316,0.44060850002956925,15,-28,179.86000061035156,219.4429931640625,180.2949981689453,220.17999267578125,-14.11102294921875,TP
NVDA-AMD,SHORT_SPREAD,2025-12-11 14:23:00-05:00,2025-12-11 14:40:00-05:00,17.0,3.0492289864198634,0.2822987198132099,0.38943669396843855,-13,29,180.78500366210938,220.18499755859375,180.85009765625,220.6750030517578,13.363937377929688,TP
NVDA-AMD,LONG_SPREAD,2025-12-11 15:15:00-05:00,2025-12-11 15:22:00-05:00,7.0,-2.9151310418528467,-0.21647615434675538,0.46037453893248786,15,-27,180.0800018310547,220.55250549316406,180.66000366210938,220.4564971923828,11.292251586914062,TP
NVDA-AMD,LONG_SPREAD,2025-12-12 10:59:00-05:00,2025-12-12 11:24:00-05:00,25.0,-3.136826375137775,,0.37868273818022236,13,-30,177.2449951171875,212.67999267578125,176.2899932861328,210.67990112304688,47.58772277832031,TIME
NVDA-AMD,LONG_SPREAD,2025-12-12 12:08:00-05:00,2025-12-12 12:33:00-05:00,25.0,-2.7576249279762735,,0.813436910239071,22,-23,176.8300018310547,212.30999755859375,176.60000610351562,212.24000549316406,-3.4500885009765625,TIME
NVDA-AMD,LONG_SPREAD,2025-12-12 13:02:00-05:00,2025-12-12 13:07:00-05:00,5.0,-3.1046119739082045,-0.4986847378802878,0.4031354921872308,14,-30,176.77499389648438,213.22000122070312,177.22500610351562,213.6300048828125,-5.99993896484375,TP
NVDA-AMD,LONG_SPREAD,2025-12-12 14:43:00-05:00,2025-12-12 15:08:00-05:00,25.0,-2.6847150113801277,,0.41691617949086657,15,-29,176.35879516601562,212.0500030517578,176.610107421875,212.1790008544922,0.02874755859375,TIME
NVDA-AMD,LONG_SPREAD,2025-12-12 15:49:00-05:00,2025-12-15 09:30:00-05:00,12.0,-3.3137273894867745,,0.4569932602024918,16,-29,175.0749969482422,210.4600067138672,177.14999389648438,212.3699951171875,-22.189712524414062,OVERNIGHT_FLAT
NVDA-AMD,LONG_SPREAD,2025-12-15 09:41:00-05:00,2025-12-15 09:44:00-05:00,3.0,-3.2029813460480443,-0.20563621250553374,0.6591847815989108,20,-25,176.11300659179688,213.3300018310547,176.98500061035156,213.3300018310547,17.43988037109375,TP
NVDA-AMD,SHORT_SPREAD,2025-12-15 10:07:00-05:00,2025-12-15 10:30:00-05:00,23.0,2.8831744906676446,0.11512616452413485,0.6322710768318466,-19,25,178.10499572753906,212.99000549316406,175.860107421875,209.9199981689453,-34.09730529785156,TP
NVDA-AMD,SHORT_SPREAD,2025-12-15 11:35:00-05:00,2025-12-15 12:00:00-05:00,25.0,2.8001688723841274,,0.6803825885983742,-20,25,177.75,211.17999267578125,177.8800048828125,211.8000030517578,12.900161743164062,TIME
NVDA-AMD,LONG_SPREAD,2025-12-15 13:49:00-05:00,2025-12-15 14:14:00-05:00,25.0,-2.8063197227281513,,0.4083039876030131,14,-30,176.73500061035156,211.17999267578125,177.16000366210938,211.02999877929688,10.449859619140625,TIME
NVDA-AMD,SHORT_SPREAD,2025-12-15 15:38:00-05:00,2025-12-15 15:46:00-05:00,8.0,2.730211966493304,0.5093951088841027,0.27121677505617175,-10,34,176.52999877929688,207.3000030517578,176.2100067138672,207.00140380859375,-6.95245361328125,TP
NVDA-AMD,LONG_SPREAD,2025-12-16 13:23:00-05:00,2025-12-16 13:38:00-05:00,15.0,-2.723326643114852,-0.25905357909448545,0.542432488921301,17,-28,176.38999938964844,207.5050048828125,177.0373992919922,208.41180419921875,-14.38458251953125,TP
NVDA-AMD,LONG_SPREAD,2025-12-16 14:11:00-05:00,2025-12-16 14:29:00-05:00,18.0,-2.6469710964440485,-0.5220911669556229,0.6027647754469126,19,-27,176.3699951171875,207.89999389648438,176.74000549316406,207.964599609375,5.2858428955078125,TP
NVDA-AMD,SHORT_SPREAD,2025-12-16 15:57:00-05:00,2025-12-16 16:00:00-05:00,3.0,2.676833415974186,0.5304247973951978,0.6596555118934274,-20,25,178.05999755859375,209.5,177.50999450683594,209.0399932861328,-0.5001068115234375,TP
XLE-VDE,LONG_SPREAD,2025-12-10 11:30:00-05:00,2025-12-10 11:35:00-05:00,5.0,-2.424560225505632,-0.19426389079033884,0.330080232358964,48,-52,45.86000061035156,129.4199981689453,45.90549850463867,129.5,-1.9761962890625,TP
XLE-VDE,LONG_SPREAD,2025-12-10 13:23:00-05:00,2025-12-10 13:27:00-05:00,4.0,-2.8767030337515833,-0.43932345287479213,0.3707660809394194,52,-50,45.935001373291016,129.55999755859375,45.904998779296875,129.4499053955078,3.9444732666015625,TP
XLE-VDE,LONG_SPREAD,2025-12-10 13:45:00-05:00,2025-12-10 13:46:00-05:00,1.0,-4.737132307227837,-0.5921002635208064,0.34932929093223936,50,-51,45.845001220703125,129.2967071533203,45.81999969482422,129.25,1.131988525390625,TP
XLE-VDE,LONG_SPREAD,2025-12-10 14:02:00-05:00,2025-12-10 14:03:00-05:00,1.0,-2.9736787280281924,0.4762390211880003,0.3568347947098991,51,-51,45.83000183105469,129.23150634765625,45.85499954223633,129.1999969482422,2.8818626403808594,TP
XLE-VDE,SHORT_SPREAD,2025-12-10 14:04:00-05:00,2025-12-10 14:05:00-05:00,1.0,3.6525277725502843,-0.4289745500657552,0.35138361212443003,-51,51,45.86000061035156,129.33999633789062,45.85499954223633,129.30999755859375,-1.2748832702636719,TP
XLE-VDE,SHORT_SPREAD,2025-12-11 09:31:00-05:00,2025-12-11 09:34:00-05:00,3.0,3.3273049781203046,-0.5905677946409924,0.33221588713842126,-48,52,45.88999938964844,129.42999267578125,45.869998931884766,129.36000061035156,-2.6795654296875,TP
XLE-VDE,SHORT_SPREAD,2025-12-11 09:41:00-05:00,2025-12-11 09:43:00-05:00,2.0,6.72975827394565,0.4554471174387686,0.32873135575992884,-48,52,46.084999084472656,129.94000244140625,46.099998474121094,129.90260314941406,-2.66473388671875,TP
XLE-VDE,SHORT_SPREAD,2025-12-11 09:51:00-05:00,2025-12-11 09:55:00-05:00,4.0,2.307139990258028,0.26869804731692376,0.3212734105195899,-47,52,46.119998931884766,129.94000244140625,46.08000183105469,129.85499572753906,-2.540485382080078,TP
XLE-VDE,SHORT_SPREAD,2025-12-11 11:12:00-05:00,2025-12-11 11:14:00-05:00,2.0,2.3935927372421846,-0.4326330599176706,0.3270162202649174,-48,52,46.025001525878906,129.75,46.040000915527344,129.7949981689453,1.61993408203125,TP
XLE-VDE,LONG_SPREAD,2025-12-11 11:17:00-05:00,2025-12-11 11:18:00-05:00,1.0,-2.327258299561196,-0.587621670574201,0.3343334901565011,49,-52,45.970001220703125,129.58999633789062,45.95000076293945,129.61000061035156,-2.020244598388672,TP
XLE-VDE,LONG_SPREAD,2025-12-11 11:46:00-05:00,2025-12-11 11:56:00-05:00,10.0,-2.8051847339986025,0.22784441496440572,0.3616089374612765,51,-50,46.040000915527344,129.86500549316406,46.005001068115234,129.7899932861328,1.9656181335449219,TP
XLE-VDE,LONG_SPREAD,2025-12-11 13:31:00-05:00,2025-12-11 13:32:00-05:00,1.0,-2.3541284250282666,-0.4150834379658902,0.33650203582695243,49,-51,46.0099983215332,129.77999877929688,45.99679946899414,129.75,0.8831939697265625,TP
XLE-VDE,LONG_SPREAD,2025-12-11 13:46:00-05:00,2025-12-11 13:52:00-05:00,6.0,-3.22375482307838,-0.04329999225593821,0.3435394084806673,50,-51,45.959999084472656,129.65499877929688,45.9900016784668,129.6699981689453,0.7351608276367188,TP
XLE-VDE,LONG_SPREAD,2025-12-11 13:54:00-05:00,2025-12-11 13:55:00-05:00,1.0,-3.9762742063102223,0.042419812554926266,0.35239323716336757,51,-51,45.94499969482422,129.60000610351562,45.959999084472656,129.66000366210938,-2.2949066162109375,TP
XLE-VDE,SHORT_SPREAD,2025-12-11 14:51:00-05:00,2025-12-11 15:11:00-05:00,20.0,2.6845336451604993,0.5893829650756399,0.3800111846792266,-53,50,45.94499969482422,129.58999633789062,45.935001373291016,129.5399932861328,-1.9702415466308594,TP
XLE-VDE,LONG_SPREAD,2025-12-12 09:31:00-05:00,2025-12-12 09:38:00-05:00,7.0,-2.683269742962301,-0.13937190083756426,0.3646878361698412,52,-50,46.16999816894531,130.30499267578125,45.994998931884766,129.83999633789062,14.149856567382812,TP
XLE-VDE,LONG_SPREAD,2025-12-12 09:40:00-05:00,2025-12-12 09:43:00-05:00,3.0,-2.4428458018104915,-4.262087018970086,0.30003047714179126,45,-53,45.95000076293945,129.72000122070312,45.880001068115234,129.47000122070312,10.100013732910156,STOP
XLE-VDE,LONG_SPREAD,2025-12-12 09:49:00-05:00,2025-12-12 09:50:00-05:00,1.0,-3.00390687594132,-0.5548289583132587,0.29958321020182094,45,-53,45.915000915527344,129.53500366210938,45.89500045776367,129.5399932861328,-1.1644706726074219,TP
XLE-VDE,LONG_SPREAD,2025-12-12 09:59:00-05:00,2025-12-12 10:00:00-05:00,1.0,-2.645308018384859,-3.8806755042949774,0.30967691124202024,46,-53,45.84000015258789,129.52999877929688,45.81999969482422,129.3699951171875,7.560173034667969,STOP
XLE-VDE,LONG_SPREAD,2025-12-12 10:29:00-05:00,2025-12-12 10:31:00-05:00,2.0,-3.1486294380299578,0.3625002039073717,0.37269732906727965,53,-50,45.619998931884766,128.7100067138672,45.6349983215332,128.8000030517578,-3.7048492431640625,TP
XLE-VDE,SHORT_SPREAD,2025-12-12 11:26:00-05:00,2025-12-12 11:27:00-05:00,1.0,2.3625058914305535,-0.015135992841385715,0.31774914983715297,-47,53,45.494998931884766,128.3300018310547,45.46500015258789,128.22000122070312,-4.4200897216796875,TP
XLE-VDE,SHORT_SPREAD,2025-12-12 12:01:00-05:00,2025-12-12 12:04:00-05:00,3.0,4.792036641157535,0.11840127957081668,0.3048169212280795,-46,53,45.61000061035156,128.6300048828125,45.57500076293945,128.55999755859375,-2.1003952026367188,TP
XLE-VDE,SHORT_SPREAD,2025-12-12 12:17:00-05:00,2025-12-12 12:19:00-05:00,2.0,2.380068072746902,0.14946616051591574,0.31386503686744666,-47,53,45.70500183105469,128.89999389648438,45.70840072631836,128.94000244140625,1.9607048034667969,TP
XLE-VDE,LONG_SPREAD,2025-12-12 13:37:00-05:00,2025-12-12 13:41:00-05:00,4.0,-3.5026358395768957,0.21590928819163122,0.3591285619419498,52,-51,45.5099983215332,128.4199981689453,45.53010177612305,128.4499969482422,-0.48455810546875,TP
XLE-VDE,SHORT_SPREAD,2025-12-12 15:16:00-05:00,2025-12-12 15:18:00-05:00,2.0,2.403103054447355,0.5331746110573587,0.3374284757467574,-49,52,45.57979965209961,128.49000549316406,45.54499816894531,128.4499969482422,-0.3751716613769531,TP
XLE-VDE,SHORT_SPREAD,2025-12-12 15:42:00-05:00,2025-12-12 15:44:00-05:00,2.0,2.3884108614648993,-0.008201057294324795,0.399107339379489,-56,50,45.54499816894531,128.38999938964844,45.529998779296875,128.36500549316406,-0.40972900390625,TP
XLE-VDE,LONG_SPREAD,2025-12-15 09:31:00-05:00,2025-12-15 09:32:00-05:00,1.0,-4.750253670694126,-4.949921906979668,0.38368982786490385,54,-50,45.47999954223633,128.4062957763672,45.43000030517578,128.11500549316406,11.864555358886719,STOP
XLE-VDE,LONG_SPREAD,2025-12-15 11:15:00-05:00,2025-12-15 11:18:00-05:00,3.0,-2.948433764893138,-0.07784614614605743,0.29624182767588997,45,-54,45.08000183105469,126.83999633789062,45.0796012878418,127.05000305175781,-11.358386993408203,TP
XLE-VDE,SHORT_SPREAD,2025-12-15 12:54:00-05:00,2025-12-15 12:56:00-05:00,2.0,3.1163344601445235,0.2040543061594482,0.31969644304251893,-48,53,44.869998931884766,126.37000274658203,44.875,126.37000274658203,-0.24005126953125,TP
XLE-VDE,SHORT_SPREAD,2025-12-15 13:00:00-05:00,2025-12-15 13:08:00-05:00,8.0,2.483480695352619,0.12796683358607722,0.3191782227798471,-48,53,44.915000915527344,126.5,44.91999816894531,126.5000991821289,-0.23461151123046875,TP
XLE-VDE,SHORT_SPREAD,2025-12-15 14:20:00-05:00,2025-12-15 14:21:00-05:00,1.0,3.641561429616379,-0.43590852113229744,0.30858396687094813,-47,54,44.9900016784668,126.76000213623047,44.98500061035156,126.73999786376953,-0.8451805114746094,TP
XLE-VDE,SHORT_SPREAD,2025-12-15 14:53:00-05:00,2025-12-15 14:56:00-05:00,3.0,3.352254884867128,0.22032209102203978,0.305204634610335,-46,54,45.05500030517578,126.86000061035156,45.08000183105469,126.94999694824219,3.7097320556640625,TP
XLE-VDE,SHORT_SPREAD,2025-12-15 14:57:00-05:00,2025-12-15 15:04:00-05:00,7.0,2.349082521283645,-0.5790880911052444,0.3179761885242606,-48,53,45.084999084472656,126.97000122070312,45.10499954223633,127.05999755859375,3.809783935546875,TP
XLE-VDE,LONG_SPREAD,2025-12-16 09:31:00-05:00,2025-12-16 09:33:00-05:00,2.0,-3.01514939039174,-0.4090163353134383,0.38155865729429783,55,-51,44.709999084472656,125.87999725341797,44.564998626708984,125.51499938964844,10.63986587524414,TP
XLE-VDE,SHORT_SPREAD,2025-12-16 09:35:00-05:00,2025-12-16 09:39:00-05:00,4.0,3.0603993856422136,-0.3744793942617927,0.35548849142871525,-52,52,44.60499954223633,125.58000183105469,44.540000915527344,125.4000015258789,-5.9800872802734375,TP
XLE-VDE,SHORT_SPREAD,2025-12-16 09:43:00-05:00,2025-12-16 09:44:00-05:00,1.0,3.537661540033368,-0.2915007971517536,0.34790562569055095,-52,53,44.5,125.31999969482422,44.46500015258789,125.20999908447266,-4.010040283203125,TP
XLE-VDE,LONG_SPREAD,2025-12-16 10:02:00-05:00,2025-12-16 10:03:00-05:00,1.0,-2.34043519742426,0.011019715186556289,0.34895314316235265,52,-53,44.25,124.5999984741211,44.19499969482422,124.43000030517578,6.1498870849609375,TP
XLE-VDE,SHORT_SPREAD,2025-12-16 10:40:00-05:00,2025-12-16 10:43:00-05:00,3.0,2.7246278771195813,-0.10523440858879586,0.3461867154059019,-52,53,44.119998931884766,124.125,44.060001373291016,124.02999877929688,-1.915191650390625,TP
XLE-VDE,SHORT_SPREAD,2025-12-16 10:59:00-05:00,2025-12-16 11:00:00-05:00,1.0,2.438232239601877,-0.05219529895670612,0.33470770025644775,-51,54,44.154998779296875,124.29000091552734,44.14500045776367,124.33000183105469,2.669963836669922,TP
XLE-VDE,SHORT_SPREAD,2025-12-16 12:04:00-05:00,2025-12-16 12:06:00-05:00,2.0,2.424033552042296,-0.020901759303822463,0.33575356656395355,-51,54,44.084999084472656,124.0999984741211,44.093101501464844,124.11499786376953,0.3967437744140625,TP
XLE-VDE,LONG_SPREAD,2025-12-16 13:38:00-05:00,2025-12-16 13:44:00-05:00,6.0,-3.340454977167843,-0.3779150528507054,0.348508411404578,52,-53,43.939998626708984,123.72989654541016,43.994998931884766,123.87000274658203,-4.56561279296875,TP
XLE-VDE,LONG_SPREAD,2025-12-16 13:49:00-05:00,2025-12-16 13:50:00-05:00,1.0,-2.455256294842286,-0.31207658165125857,0.3338236857688475,51,-54,44.0,123.87999725341797,44.025001525878906,123.95980072021484,-3.0343093872070312,TP
XLE-VDE,LONG_SPREAD,2025-12-16 14:46:00-05:00,2025-12-16 14:54:00-05:00,8.0,-2.4279217194943183,0.07841799463261245,0.31530583338928775,49,-55,43.8650016784668,123.5,43.84000015258789,123.44000244140625,2.0747909545898438,TP
XLE-VDE,LONG_SPREAD,2025-12-16 14:57:00-05:00,2025-12-16 14:58:00-05:00,1.0,-2.560622302353018,-0.3469171256394247,0.3303882995387691,51,-54,43.814998626708984,123.33999633789062,43.834999084472656,123.4000015258789,-2.220256805419922,TP
XLE-VDE,LONG_SPREAD,2025-12-16 15:23:00-05:00,2025-12-16 15:25:00-05:00,2.0,-2.5087194013499112,0.5613768909462356,0.3441540369842013,52,-54,43.85100173950195,123.48040008544922,43.901798248291016,123.5999984741211,-3.81689453125,TP
XLE-VDE,LONG_SPREAD,2025-12-16 15:44:00-05:00,2025-12-16 15:46:00-05:00,2.0,-2.917068980113522,-0.43577310530721386,0.3305763381080184,50,-54,43.900001525878906,123.63999938964844,43.915000915527344,123.66999816894531,-0.869964599609375,TP
XOM-CVX,SHORT_SPREAD,2025-12-10 14:24:00-05:00,2025-12-10 14:36:00-05:00,12.0,2.6521691998432697,0.022227200557405232,0.7151508499414103,-31,34,119.24500274658203,150.8800048828125,119.58000183105469,151.4600067138672,9.335090637207031,TP
XOM-CVX,SHORT_SPREAD,2025-12-11 12:07:00-05:00,2025-12-11 12:47:00-05:00,40.0,2.764146820120021,,0.8796327972518491,-35,31,119.72100067138672,151.47500610351562,119.98500061035156,151.43130493164062,-10.594734191894531,TIME
XOM-CVX,SHORT_SPREAD,2025-12-11 14:56:00-05:00,2025-12-11 15:14:00-05:00,18.0,2.6434346315739448,0.15678629933947005,0.6687765516248483,-30,35,119.50499725341797,150.5605010986328,119.36499786376953,150.4600067138672,0.68267822265625,TP
XOM-CVX,SHORT_SPREAD,2025-12-12 14:16:00-05:00,2025-12-12 14:37:00-05:00,21.0,2.785749878512651,0.6596683484818159,0.9268552714183123,-36,31,118.44000244140625,149.7100067138672,118.5,149.74000549316406,-1.229949951171875,TP
XOM-CVX,SHORT_SPREAD,2025-12-12 15:02:00-05:00,2025-12-12 15:23:00-05:00,21.0,2.779749376564796,0.26978841160827643,0.44881989228087904,-23,41,118.66000366210938,149.8300018310547,118.83499908447266,150.13999938964844,8.685005187988281,TP
XOM-CVX,SHORT_SPREAD,2025-12-12 15:53:00-05:00,2025-12-15 09:30:00-05:00,8.0,2.665198495490002,,0.696434090861465,-31,35,118.8499984741211,150.07000732421875,118.96499633789062,149.89999389648438,-9.515403747558594,OVERNIGHT_FLAT
XOM-CVX,LONG_SPREAD,2025-12-15 12:51:00-05:00,2025-12-15 13:31:00-05:00,40.0,-2.930777473866432,,0.4922993416651301,25,-40,116.89920043945312,148.58999633789062,116.94999694824219,148.5222930908203,3.9780426025390625,TIME
XOM-CVX,SHORT_SPREAD,2025-12-15 15:44:00-05:00,2025-12-15 15:50:00-05:00,6.0,2.9157241287354134,0.6246638719047767,0.7229915233667515,-32,34,117.70500183105469,149.625,117.86000061035156,149.77499389648438,0.13983154296875,TP
XOM-CVX,SHORT_SPREAD,2025-12-15 15:51:00-05:00,2025-12-15 15:58:00-05:00,7.0,2.7566192703762704,0.15954446890055585,0.7979770824944299,-33,33,117.77549743652344,149.74000549316406,117.7073974609375,149.84500122070312,5.712158203125,TP
XOM-CVX,LONG_SPREAD,2025-12-15 15:59:00-05:00,2025-12-16 09:30:00-05:00,2.0,-3.0253347746881065,,0.8167282060886837,34,-33,117.73999786376953,149.83999633789062,116.69999694824219,148.47000122070312,9.849807739257812,OVERNIGHT_FLAT
XOM-CVX,LONG_SPREAD,2025-12-16 09:32:00-05:00,2025-12-16 09:34:00-05:00,2.0,-3.378511473111354,-5.499819371959484,0.8357045280570242,35,-33,116.55999755859375,148.39999389648438,116.19999694824219,148.13499450683594,-3.85504150390625,STOP
XOM-CVX,SHORT_SPREAD,2025-12-16 09:56:00-05:00,2025-12-16 09:57:00-05:00,1.0,2.959626728999091,0.37096935092323097,0.940324599508918,-37,31,115.80999755859375,147.64500427246094,115.69999694824219,147.52000427246094,0.1950225830078125,TP
XOM-CVX,SHORT_SPREAD,2025-12-16 12:13:00-05:00,2025-12-16 12:26:00-05:00,13.0,2.755978898722238,-0.504761329307599,0.8958160387141417,-36,32,115.3499984741211,147.16000366210938,115.05000305175781,147.0,5.679718017578125,TP
XOM-CVX,LONG_SPREAD,2025-12-16 13:26:00-05:00,2025-12-16 13:35:00-05:00,9.0,-2.6132853010597237,-0.20361107128042993,0.9519209299223436,38,-31,114.81999969482422,146.8699951171875,115.08499908447266,147.10000610351562,2.93963623046875,TP
XOM-CVX,LONG_SPREAD,2025-12-16 13:44:00-05:00,2025-12-16 14:00:00-05:00,16.0,-2.714658136385933,-0.5999997543545292,0.8628687018328096,36,-32,115.02850341796875,147.1614990234375,115.0250015258789,147.16000366210938,-0.078216552734375,TP
XOM-CVX,LONG_SPREAD,2025-12-16 14:21:00-05:00,2025-12-16 15:01:00-05:00,40.0,-2.631098080119858,,0.5336069407336361,27,-39,114.7699966430664,146.9801025390625,114.88500213623047,147.00999450683594,1.939361572265625,TIME
GS-JPM,LONG_SPREAD,2025-12-10 15:30:00-05:00,2025-12-10 15:55:00-05:00,25.0,-2.396725852179349,,3.4510913664869745,7,-6,895.75,310.6000061035156,891.52001953125,310.30999755859375,-27.86981201171875,TIME
GS-JPM,LONG_SPREAD,2025-12-10 15:56:00-05:00,2025-12-10 15:57:00-05:00,1.0,-2.790699426551776,-3.36307376058333,2.3809232768149333,7,-8,890.7899780273438,310.5299987792969,890.1599731445312,309.9599914550781,0.1500244140625,STOP
GS-JPM,LONG_SPREAD,2025-12-10 15:58:00-05:00,2025-12-11 09:30:00-05:00,3.0,-2.7780055634267127,,2.192023872822883,6,-9,890.27001953125,309.8800048828125,889.7899780273438,310.1199951171875,-5.0401611328125,OVERNIGHT_FLAT
GS-JPM,SHORT_SPREAD,2025-12-11 14:31:00-05:00,2025-12-11 14:56:00-05:00,25.0,2.3730766099512204,,2.1929111403211223,-6,8,911.510986328125,316.6000061035156,916.3800048828125,317.54998779296875,-21.6142578125,TIME
GS-JPM,SHORT_SPREAD,2025-12-16 11:20:00-05:00,2025-12-16 11:28:00-05:00,8.0,2.5596931922249926,0.4824044858745069,3.2958320588972296,-7,6,884.9849853515625,315.6700134277344,882.6199951171875,315.4700012207031,15.3548583984375,TP
GS-JPM,SHORT_SPREAD,2025-12-16 13:50:00-05:00,2025-12-16 14:02:00-05:00,12.0,2.3767762978080285,0.5743609936986458,4.626177759500114,-8,5,883.0800170898438,316.2900085449219,881.06591796875,315.8599853515625,13.962677001953125,TP
GS-JPM,SHORT_SPREAD,2025-12-16 14:04:00-05:00,2025-12-16 14:29:00-05:00,25.0,2.4268785850889754,,4.95770115668573,-8,4,879.2999877929688,315.4573059082031,882.5,315.82000732421875,-24.1492919921875,TIME
BAC-C,SHORT_SPREAD,2025-12-10 15:01:00-05:00,2025-12-10 15:24:00-05:00,23.0,2.8519480318175052,-0.5944489195431187,0.42882719578368317,-49,56,54.404998779296875,111.51000213623047,54.20500183105469,111.47010040283203,7.5653533935546875,TP
BAC-C,LONG_SPREAD,2025-12-10 15:26:00-05:00,2025-12-10 15:27:00-05:00,1.0,-2.647090472433476,-4.522614727886881,0.48699039943827194,54,-54,53.939998626708984,111.4800033569336,54.13999938964844,111.625,2.9702224731445312,STOP
BAC-C,LONG_SPREAD,2025-12-10 15:28:00-05:00,2025-12-10 15:58:00-05:00,30.0,-2.6971523931704415,,0.48254610606782433,54,-54,54.130001068115234,111.6500015258789,54.064998626708984,111.26000213623047,17.549835205078125,TIME
BAC-C,SHORT_SPREAD,2025-12-12 12:36:00-05:00,2025-12-12 12:56:00-05:00,20.0,2.8371480794430486,0.316610427399818,0.4943260175199394,-54,53,55.099998474121094,112.27999877929688,55.185001373291016,112.66999816894531,16.079811096191406,TP
BAC-C,SHORT_SPREAD,2025-12-15 09:33:00-05:00,2025-12-15 09:37:00-05:00,4.0,2.7699225536510244,3.7814581690280584,0.30190235381521147,-37,61,55.54999923706055,112.68499755859375,55.790000915527344,112.88899993896484,3.5640830993652344,STOP
BAC-C,SHORT_SPREAD,2025-12-15 09:38:00-05:00,2025-12-15 09:39:00-05:00,1.0,3.9955386662506585,3.679673186082369,0.38197757361342716,-44,57,55.86000061035156,113.0,55.939998626708984,112.8499984741211,-12.069999694824219,STOP
BAC-C,SHORT_SPREAD,2025-12-15 09:40:00-05:00,2025-12-15 09:46:00-05:00,6.0,4.8885663908378545,0.12405680751895788,0.4225027083371313,-47,56,55.89500045776367,112.91999816894531,55.78260040283203,113.24500274658203,23.48305892944336,TP
BAC-C,LONG_SPREAD,2025-12-15 09:59:00-05:00,2025-12-15 10:15:00-05:00,16.0,-2.5925715187971714,-0.47314301243051543,0.42568265016316165,48,-55,55.619998931884766,113.28500366210938,55.67499923706055,113.17500305175781,8.690048217773438,TP
BAC-C,LONG_SPREAD,2025-12-15 11:51:00-05:00,2025-12-15 12:01:00-05:00,10.0,-2.8607807948958297,-4.296300237673292,0.46942369364054687,51,-54,55.35499954223633,112.59860229492188,55.2400016784668,112.6500015258789,-8.640449523925781,STOP
BAC-C,LONG_SPREAD,2025-12-15 12:02:00-05:00,2025-12-15 12:32:00-05:00,30.0,-4.165801850565527,,0.48349916971653434,53,-53,55.220001220703125,112.63999938964844,55.11000061035156,112.71499633789062,-9.80487060546875,TIME
BAC-C,LONG_SPREAD,2025-12-16 15:18:00-05:00,2025-12-16 15:48:00-05:00,30.0,-2.961294265911587,,0.31489381336334643,39,-61,54.95000076293945,111.44000244140625,54.8849983215332,111.37000274658203,1.7348861694335938,TIME
MS-GS,LONG_SPREAD,2025-12-10 12:42:00-05:00,2025-12-10 12:55:00-05:00,13.0,-3.4624921282692567,-0.3925302806430953,0.11181440977186732,5,-9,178.10000610351562,874.3499755859375,178.89999389648438,878.4500122070312,-32.900390625,TP
MS-GS,SHORT_SPREAD,2025-12-10 13:06:00-05:00,2025-12-10 13:13:00-05:00,7.0,3.1563033351969523,0.4735178382899169,0.13461422731880845,-5,9,179.3480987548828,880.6699829101562,179.13999938964844,880.7650146484375,1.895782470703125,TP
MS-GS,LONG_SPREAD,2025-12-10 13:19:00-05:00,2025-12-10 13:49:00-05:00,30.0,-2.830354224368585,,0.13944639056815947,6,-8,178.90499877929688,880.4500122070312,178.77000427246094,882.514404296875,-17.325103759765625,TIME
MS-GS,LONG_SPREAD,2025-12-11 09:32:00-05:00,2025-12-11 09:34:00-05:00,2.0,-4.079783263254124,-4.627704081650192,0.17473045477051968,7,-8,179.86000061035156,892.5599975585938,179.88009643554688,893.8300170898438,-10.019485473632812,STOP
MS-GS,LONG_SPREAD,2025-12-11 09:35:00-05:00,2025-12-11 09:36:00-05:00,1.0,-3.9990258794514872,-4.201234883806357,0.1738487448384516,7,-8,179.86000061035156,894.5,180.25999450683594,896.969970703125,-16.959808349609375,STOP
MS-GS,LONG_SPREAD,2025-12-11 09:37:00-05:00,2025-12-11 10:07:00-05:00,30.0,-3.811851058346636,,0.16406517650414656,7,-8,180.4600067138672,898.1699829101562,180.41000366210938,902.8699951171875,-37.95011901855469,TIME
MS-GS,LONG_SPREAD,2025-12-12 09:32:00-05:00,2025-12-12 09:34:00-05:00,2.0,-2.690378200993094,-0.38305205687406413,0.16831193220286722,7,-8,180.23460388183594,910.6900024414062,180.00999450683594,907.3909912109375,24.81982421875,TP
MS-GS,SHORT_SPREAD,2025-12-12 10:11:00-05:00,2025-12-12 10:16:00-05:00,5.0,2.5151376037589714,0.634256896421564,0.16929144301120327,-7,8,180.57000732421875,908.8400268554688,180.02000427246094,908.52001953125,1.2899627685546875,TP
MS-GS,SHORT_SPREAD,2025-12-12 13:01:00-05:00,2025-12-12 13:31:00-05:00,30.0,2.5575965297663883,,0.1323657100701456,-5,8,178.75,896.614990234375,179.05999755859375,896.10498046875,-5.63006591796875,TIME
MS-GS,SHORT_SPREAD,2025-12-15 12:36:00-05:00,2025-12-15 12:40:00-05:00,4.0,3.335023274007436,0.2300925997158797,0.18699452207766806,-7,8,179.02999877929688,892.0062255859375,179.30499267578125,893.8900146484375,13.145355224609375,TP
MS-GS,LONG_SPREAD,2025-12-15 14:10:00-05:00,2025-12-15 14:40:00-05:00,30.0,-3.0394548153901426,,0.14278860481492914,6,-8,178.9600067138672,893.0399780273438,178.97000122070312,893.0399780273438,0.059967041015625,TIME
MS-GS,LONG_SPREAD,2025-12-16 12:57:00-05:00,2025-12-16 13:02:00-05:00,5.0,-2.711721115228482,-4.0043211702772235,0.13141466281941117,5,-9,176.22000122070312,876.0999755859375,176.0189971923828,875.5999755859375,3.4949798583984375,STOP
MS-GS,LONG_SPREAD,2025-12-16 13:05:00-05:00,2025-12-16 13:13:00-05:00,8.0,-2.7387050851595833,-0.31518294854514245,0.16532531199226738,7,-8,175.99000549316406,875.6400146484375,176.1876983642578,875.6400146484375,1.38385009765625,TP
AAPL-MSFT,SHORT_SPREAD,2025-12-10 12:15:00-05:00,2025-12-10 12:18:00-05:00,3.0,2.714462108437405,0.33387994135497684,0.8231413595223314,-14,10,278.3699951171875,480.45001220703125,278.69500732421875,480.68011474609375,-2.2491455078125,TP
AAPL-MSFT,LONG_SPREAD,2025-12-10 12:37:00-05:00,2025-12-10 13:12:00-05:00,35.0,-2.63959454037663,,0.6043277728431597,12,-11,278.5899963378906,482.364990234375,278.8800048828125,479.20001220703125,38.29486083984375,TIME
AAPL-MSFT,LONG_SPREAD,2025-12-11 13:23:00-05:00,2025-12-11 13:58:00-05:00,35.0,-3.218191811576666,,0.8230566949979179,14,-10,277.6499938964844,481.7850036621094,277.7200012207031,484.7099914550781,-28.269775390625,TIME
AAPL-MSFT,SHORT_SPREAD,2025-12-15 10:01:00-05:00,2025-12-15 10:05:00-05:00,4.0,3.079951802965821,0.44568612744800323,1.568161093241387,-19,7,275.3800048828125,475.5799865722656,274.7225036621094,475.6499938964844,12.982574462890625,TP
AAPL-MSFT,SHORT_SPREAD,2025-12-15 15:56:00-05:00,2025-12-16 09:30:00-05:00,5.0,4.090662046141024,,0.4298614318604648,-9,13,274.4700012207031,475.4200134277344,273.760009765625,473.0950012207031,-23.835235595703125,OVERNIGHT_FLAT
AAPL-MSFT,SHORT_SPREAD,2025-12-16 09:31:00-05:00,2025-12-16 09:32:00-05:00,1.0,3.866911619405223,0.5769946838437521,0.43041315300104876,-9,13,273.42999267578125,473.8349914550781,273.2200012207031,473.2149963378906,-6.170013427734375,TP
AAPL-MSFT,LONG_SPREAD,2025-12-16 09:37:00-05:00,2025-12-16 09:41:00-05:00,4.0,-3.4397653510941226,-0.44515772650031377,0.45673485786829715,10,-13,272.05999755859375,473.1050109863281,272.2300109863281,471.8280029296875,18.301239013671875,TP
AAPL-MSFT,LONG_SPREAD,2025-12-16 13:02:00-05:00,2025-12-16 13:37:00-05:00,35.0,-2.823201389387996,,0.632119058921631,12,-11,272.2749938964844,473.0400085449219,272.8999938964844,474.3900146484375,-7.350067138671875,TIME
AAPL-MSFT,SHORT_SPREAD,2025-12-16 15:21:00-05:00,2025-12-16 15:23:00-05:00,2.0,2.7328674767104966,0.5945116799097714,0.5713126009317763,-11,12,274.6499938964844,476.6700134277344,274.6300048828125,476.9800109863281,3.939849853515625,TP
AAPL-MSFT,SHORT_SPREAD,2025-12-16 15:35:00-05:00,2025-12-16 15:41:00-05:00,6.0,2.8038195057688164,3.92149839732213,0.597227511270241,-12,11,275.04840087890625,477.010009765625,275.05999755859375,476.3900146484375,-6.9591064453125,STOP
AAPL-MSFT,SHORT_SPREAD,2025-12-16 15:42:00-05:00,2025-12-16 15:51:00-05:00,9.0,3.2393267086067032,0.49596359661848083,0.6240580541075037,-12,11,275.08990478515625,476.5982971191406,275.1499938964844,477.04998779296875,4.247528076171875,TP
GOOGL-META,SHORT_SPREAD,2025-12-10 13:00:00-05:00,2025-12-10 13:35:00-05:00,35.0,2.754954301200104,,0.302871547302406,-6,10,317.1300048828125,648.8272094726562,316.385009765625,644.8599853515625,-35.2022705078125,TIME
GOOGL-META,SHORT_SPREAD,2025-12-11 09:31:00-05:00,2025-12-11 09:36:00-05:00,5.0,5.187377865892336,0.27083121768443075,0.37717742922655106,-7,10,319.1449890136719,642.218994140625,318.75,645.4500122070312,35.075103759765625,TP
GOOGL-META,LONG_SPREAD,2025-12-11 09:41:00-05:00,2025-12-11 09:42:00-05:00,1.0,-3.611523628751595,-4.859762949177692,0.2865774453726078,6,-10,316.6650085449219,645.77001953125,316.8999938964844,646.75,-8.389892578125,STOP
GOOGL-META,LONG_SPREAD,2025-12-11 13:21:00-05:00,2025-12-11 13:23:00-05:00,2.0,-4.3439259487422195,-7.284944817591633,0.3969587006545364,8,-9,314.42498779296875,649.548828125,311.4189147949219,649.385009765625,-22.57421875,STOP
GOOGL-META,SHORT_SPREAD,2025-12-12 12:03:00-05:00,2025-12-12 12:36:00-05:00,33.0,2.759826631668911,-0.0035669517979400696,0.3753505492963328,-7,10,308.7394104003906,641.72998046875,308.7300109863281,643.1199951171875,13.9659423828125,TP
GOOGL-META,LONG_SPREAD,2025-12-16 12:21:00-05:00,2025-12-16 12:56:00-05:00,35.0,-2.707021366251313,,0.5220040156444998,10,-9,305.07000732421875,652.2238159179688,303.510009765625,650.2153930664062,2.475830078125,TIME
GOOGL-META,LONG_SPREAD,2025-12-16 13:35:00-05:00,2025-12-16 13:50:00-05:00,15.0,-3.1367407762880775,-0.5089233537920946,0.8575323463073068,13,-7,304.0231018066406,652.4400024414062,304.9898986816406,653.6015014648438,4.4378662109375,TP
GOOGL-META,SHORT_SPREAD,2025-12-16 15:55:00-05:00,2025-12-16 15:56:00-05:00,1.0,2.8508441005802183,4.045238555320679,0.27326279048001734,-6,10,306.7300109863281,659.8099975585938,306.70001220703125,659.4500122070312,-3.41986083984375,STOP
GOOGL-META,SHORT_SPREAD,2025-12-16 15:57:00-05:00,2025-12-16 15:58:00-05:00,1.0,3.928507226668854,4.086606374150345,0.2845553317014415,-6,10,306.7300109863281,659.0,306.7099914550781,658.7000122070312,-2.8797607421875,STOP
AMZN-META,SHORT_SPREAD,2025-12-10 15:16:00-05:00,2025-12-10 15:41:00-05:00,25.0,2.830054955848817,0.6226209327037222,0.3305109897897552,-9,10,232.07000732421875,648.3400268554688,232.15499877929688,649.780029296875,13.635101318359375,TP
AMZN-META,SHORT_SPREAD,2025-12-11 09:38:00-05:00,2025-12-11 09:40:00-05:00,2.0,3.1053605453146242,0.577247888428236,0.27707843410237953,-8,10,231.62969970703125,645.97998046875,230.9949951171875,645.2999877929688,-1.7222900390625,TP
AMZN-META,LONG_SPREAD,2025-12-11 09:47:00-05:00,2025-12-11 10:22:00-05:00,35.0,-2.892097104944035,,0.2247116739720008,7,-11,230.61099243164062,649.344970703125,231.0800018310547,654.239990234375,-50.56214904785156,TIME
AMZN-META,LONG_SPREAD,2025-12-12 10:01:00-05:00,2025-12-12 10:19:00-05:00,18.0,-3.255155670157669,-0.11161788964442945,0.3525025653096898,10,-10,227.96499633789062,649.9304809570312,227.4156036376953,646.5999755859375,27.811126708984375,TP
AMZN-META,LONG_SPREAD,2025-12-12 15:33:00-05:00,2025-12-12 15:41:00-05:00,8.0,-4.411993250630893,-4.221845285503913,0.2272273299067522,7,-11,226.14500427246094,644.4199829101562,225.94500732421875,644.6749877929688,-4.2050323486328125,STOP
AMZN-META,LONG_SPREAD,2025-12-12 15:42:00-05:00,2025-12-12 15:43:00-05:00,1.0,-3.1927440605450284,-4.010110025451574,0.44538603688286604,12,-9,225.89999389648438,645.0599975585938,225.88499450683594,645.094970703125,-0.4947509765625,STOP
AMZN-META,LONG_SPREAD,2025-12-12 15:44:00-05:00,2025-12-12 15:57:00-05:00,13.0,-3.8258386124302475,-0.16711205952228872,0.4663113777659196,12,-9,225.89500427246094,645.030029296875,226.13999938964844,643.989990234375,12.30029296875,TP
AMZN-META,LONG_SPREAD,2025-12-15 09:36:00-05:00,2025-12-15 10:11:00-05:00,35.0,-3.66323174228329,,0.4551168537317232,12,-9,225.47659301757812,644.72998046875,224.14999389648438,642.1900024414062,6.94061279296875,TIME
AMZN-META,SHORT_SPREAD,2025-12-15 14:07:00-05:00,2025-12-15 14:12:00-05:00,5.0,3.4673494398565174,0.440577324897378,0.2791160214051375,-8,10,223.35000610351562,651.7789916992188,223.0771942138672,651.7999877929688,2.3924560546875,TP
AMZN-META,SHORT_SPREAD,2025-12-15 15:01:00-05:00,2025-12-15 15:36:00-05:00,35.0,2.923359766245911,,0.46170416467815917,-12,9,223.02000427246094,650.10498046875,222.25999450683594,650.6951293945312,14.43145751953125,TIME
AMZN-META,LONG_SPREAD,2025-12-16 12:16:00-05:00,2025-12-16 12:51:00-05:00,35.0,-2.943228860137048,,0.19049214841826415,6,-11,222.8300018310547,652.0599975585938,222.14999389648438,650.3200073242188,15.059844970703125,TIME
